date,LE_W/m2,H_W/m2,Rn_W/m2,TA_degC,G_W/m2,et_mm_day_published
2017-04-15,15.77818701,-6.263130179,56.40298657,2.209815332,,0.545076112
2017-04-16,12.77577123,-3.385390528,53.32206291,2.447662249,,0.441354112
2017-04-17,13.56048983,-5.207305809,47.81282719,3.702377332,,0.468463143
2017-04-18,17.10475832,0.302492586,66.65274507,5.833460538,,0.590904086
2017-04-19,18.65236769,-15.14551499,66.69450796,6.739791157,,0.64436808
2017-04-20,6.84138206,1.5733298,25.03739364,1.498177548,,0.236343627
2017-04-21,18.01010863,4.545846622,40.07326973,-0.295309825,,0.570332109
2017-04-22,22.14063842,10.27968082,47.04471739,-0.469359361,,0.764874514
2017-04-23,18.19184173,-3.234497792,75.9044196,3.750483012,,0.628458667
2017-04-24,14.53186988,-2.364804617,55.53644898,5.113922015,,0.355597935
2017-04-25,22.72693411,6.06692852,22.78513704,0.215015711,,0.359850696
2017-04-26,18.37103068,9.869323126,40.68712989,-0.545922797,,0.634648961
2017-04-27,22.66356723,8.656229025,-4.702019615,-0.711990873,,0.391469854
2017-04-28,22.31157925,17.58902539,14.21296332,-2.539341634,,0.481737417
2017-04-29,27.85533619,8.312242266,27.23688761,-2.763186742,,0.9622955
2017-04-30,55.50793192,-3.431672999,59.99197264,-0.010342436,,1.917587092
2017-05-01,28.75273515,-3.044912672,62.54208239,3.94779133,,0.993297208
2017-05-02,17.91497979,10.06609975,74.9692245,2.233646669,,0.593106888
2017-05-03,59.7111648,3.983710826,125.2161728,5.374257133,,1.289245462
2017-05-04,28.83786537,7.025728071,136.2401819,5.589240024,,0.996238132
2017-05-05,31.64877031,17.20217996,177.2890678,7.632950274,,1.093344164
2017-05-06,25.07832348,10.77716591,130.1919068,7.74845104,,0.866360315
2017-05-07,27.55768772,19.81600446,186.4407475,8.038183921,,0.952012883
2017-05-08,32.09868479,16.20584698,111.6269135,6.628100011,,1.108886992
2017-05-09,33.68805218,26.96929522,128.3799962,5.191793693,,1.01831937
2017-05-10,48.35366447,42.30315604,149.1489197,5.821057757,,1.252825853
2017-05-11,50.90405535,67.45313323,254.771867,6.773152209,,1.685268206
2017-05-12,42.35934769,53.68514997,215.7625215,7.91583553,,1.463353715
2017-05-13,56.17643849,47.92114189,230.6295904,10.20447017,,1.940681441
2017-05-14,43.967731,41.65545335,182.6494876,9.319990853,,1.518917216
2017-05-15,44.68481979,48.26853312,196.0756464,8.317162261,,1.543689896
2017-05-16,45.31014256,50.97305919,157.3866949,6.291637561,,1.56529241
2017-05-17,28.09266,54.42102094,120.7081432,2.538371623,,0.768307854
2017-05-18,53.12559536,89.25126292,173.2789652,0.329568742,,1.070583769
2017-05-19,80.04135007,133.0108712,224.15423,1.448699193,,1.612988422
2017-05-20,62.93633246,78.76292757,233.6275704,1.635883214,,2.174209966
2017-05-21,62.4007835,65.81681315,213.1667241,4.912355931,,1.976066395
2017-05-22,102.7837031,82.76833567,224.910906,6.754326221,,2.367189643
2017-05-23,78.17906442,86.96032279,246.7042224,4.870935449,,2.700788151
2017-05-24,66.21551751,51.84132977,216.6507411,8.972109697,,2.287493288
2017-05-25,47.10355701,20.39498009,79.30244788,9.338605206,,1.423842027
2017-05-26,77.4427079,84.57881382,228.3766833,9.274435182,,2.452404025
2017-05-27,49.93819648,44.33957482,102.0137715,6.129189144,,1.725174001
2017-05-28,71.37004075,84.23229513,229.6624238,5.561299331,,2.465562383
2017-05-29,77.6254023,86.46206129,228.986907,7.351082016,,2.681661239
2017-05-30,68.05584159,69.81836381,209.327141,8.578788213,,2.351069458
2017-05-31,59.58316223,49.56151445,172.3681997,10.00102334,,2.058370738
2017-06-01,47.9036902,40.78310385,148.9670547,9.599036208,,1.654889577
2017-06-02,57.28023873,52.97568217,173.8618887,9.363044461,18.1946003,1.978813525
2017-06-03,87.70779553,71.40866173,227.2423309,10.32021852,20.02153358,2.9037207
2017-06-04,81.51923209,55.85115151,225.1366785,11.51379665,21.80353896,2.81617819
2017-06-05,80.32973294,38.25309609,192.8411464,12.69006471,18.13394109,2.775085536
2017-06-06,73.74396426,38.58753964,203.9325966,12.62668238,17.28754121,2.547572376
2017-06-07,81.90536053,39.31180506,189.4409389,10.99552371,11.63054136,2.829517453
2017-06-08,92.12156821,40.83762231,224.1806303,12.25678217,22.07587815,3.182448418
2017-06-09,79.47411401,30.90587432,198.1900039,11.66622178,15.12562782,2.745527169
2017-06-10,111.3123914,37.44121589,222.0868971,15.23333541,20.4823414,3.845418078
2017-06-11,102.691815,42.59181649,215.9500143,12.94125147,17.41265942,3.547610082
2017-06-12,119.9100396,62.84438137,203.3316811,12.07311044,14.99631611,4.142433996
2017-06-13,100.0262416,88.02956112,222.8004953,7.146831414,10.9534133,3.455524699
2017-06-14,101.7890851,65.8924069,226.5476606,8.711550218,15.30715429,3.516424213
2017-06-15,113.3202558,50.27359649,225.5399966,10.86100844,18.663219,3.914782126
2017-06-16,121.4121441,51.23566178,229.7700978,12.17190086,21.79961591,4.194325969
2017-06-17,109.2492893,26.51038035,194.6323048,13.68741741,19.28321094,3.774145781
2017-06-18,109.5055605,26.01885722,232.6966852,13.49698779,20.47855507,3.782998972
2017-06-19,108.5578639,23.32663054,224.7528377,13.67419177,15.23298084,3.750259674
2017-06-20,104.2135774,28.28223515,228.2888543,14.50598526,23.32552336,3.600181161
2017-06-21,108.0081564,13.28052481,199.5855702,14.9631539,21.97551456,3.731269376
2017-06-22,115.0215459,8.670165379,191.2658724,14.37005591,18.35533596,3.973555204
2017-06-23,123.4996403,39.3092778,224.954862,12.73624095,17.89190901,4.266440994
2017-06-24,128.807014,36.31907861,218.6899206,11.78393263,12.99935253,4.449790487
2017-06-25,122.6496214,36.44025924,221.9131715,12.08052564,12.88786548,4.237076087
2017-06-26,118.7207367,23.36437419,214.2662936,12.6536395,13.19344411,4.101348123
2017-06-27,123.7145317,13.15778128,186.6702837,13.32468773,9.893739344,4.27386467
2017-06-28,116.2399875,21.24424326,187.2007318,12.3835137,8.807638307,4.015647708
2017-06-29,132.9546893,44.69303713,214.0971106,12.09271977,9.822526865,4.593076833
2017-06-30,127.3839906,54.9994014,220.4571834,11.28372031,10.28031419,4.400630462
2017-07-01,115.6692352,35.59943888,213.3123267,11.03092948,10.04519402,3.995930395
2017-07-02,65.18516966,15.12452382,100.1310259,10.43359366,0.316606016,2.251898704
2017-07-03,174.1852571,52.55845537,197.4452159,16.34424149,8.544890115,4.011623675
2017-07-04,105.8468306,15.85725815,164.8276371,13.54233285,8.814034719,3.656603825
2017-07-05,100.5763983,20.3990675,189.9293257,14.24277639,12.5880062,3.474530514
2017-07-06,86.4864518,4.648128598,102.0701724,14.01947602,12.77963628,2.987776664
2017-07-07,87.87969809,0.407246284,152.8226961,13.54248693,18.61849938,3.035908003
2017-07-08,104.9565934,3.770322824,165.6505014,13.90655938,18.69775207,3.625849527
2017-07-09,106.0685544,15.51849034,191.2480474,15.48012663,18.76225807,3.664263536
2017-07-10,126.2645107,8.980636892,201.8664302,15.72964847,18.67600253,4.361956708
2017-07-11,68.60728717,4.252146058,115.7747027,14.2507797,18.66995336,2.370119797
2017-07-12,79.04791637,19.52899504,119.0098252,14.08157566,18.66777322,1.820535779
2017-07-13,94.92929856,18.64188299,133.8222796,14.71637126,18.83356526,2.049652988
2017-07-14,75.13080026,24.28956323,126.2384063,13.70189519,19.34007785,1.946611698
2017-07-15,167.6034724,28.71031059,208.1405042,17.07119226,20.67850459,3.860039988
2017-07-16,112.958077,8.405547426,151.4939646,15.31222447,20.60585559,3.251891862
2017-07-17,104.8995055,15.25181271,144.0948416,14.80381271,20.18392958,3.019897799
2017-07-18,123.6643402,8.306998273,150.4181052,16.44879127,19.9534645,3.204098058
2017-07-19,69.42492559,1.97584116,118.6613581,15.29597499,19.75918211,2.098570322
2017-07-20,114.7126145,10.40085033,180.4115396,16.73159334,19.66581858,3.13728222
2017-07-21,97.52885981,9.00349726,175.1600794,14.68054875,19.3507129,3.369249695
2017-07-22,70.30244756,9.827705085,127.9348503,13.85984873,19.18915342,2.428681115
2017-07-23,128.9514589,21.90813004,186.892333,15.89803066,19.08313173,3.155469525
2017-07-24,136.9066167,15.84188921,193.0507398,15.96427457,19.0623565,3.547200625
2017-07-25,80.41989807,14.88895787,125.8607241,14.63271741,19.14421393,2.199408648
2017-07-26,124.2233351,17.84458846,161.751339,16.32933886,19.83218064,2.860961256
2017-07-27,183.7036566,19.62066388,215.285993,18.37657051,20.66744601,4.495267407
2017-07-28,75.5273955,6.668308372,107.3392163,14.54464085,20.22510093,1.956887336
2017-07-29,92.46145894,16.86124425,98.16082444,15.81075775,20.04843181,1.464003908
2017-07-30,131.6054582,16.11565543,189.240937,15.6157142,20.50501414,3.599285623
2017-07-31,121.1402075,13.57537122,168.6434011,15.90653678,20.64135395,3.31307085
2017-08-01,115.6320896,9.758617944,168.6148061,15.39961503,20.27263922,3.162428999
2017-08-02,129.7677143,10.60790857,223.8501666,13.19720701,19.92701076,3.922606638
2017-08-03,93.39167272,21.44205632,232.8345251,12.70881823,19.85065147,2.554174496
2017-08-04,148.0732524,20.47898247,192.9808799,14.92145225,19.77429218,3.836524092
2017-08-05,128.2462781,31.09657243,196.4271519,13.72683848,19.62914347,3.876616802
2017-08-06,131.5582779,18.13835511,170.2767923,14.14242665,19.51416241,3.597995287
2017-08-07,62.66746775,12.00310651,115.7457521,11.84399945,19.38506976,2.164921717
2017-08-08,105.745357,20.88828825,157.2145239,11.72425024,19.39012104,2.739823724
2017-08-09,147.8677761,29.38786279,204.8888046,13.22932307,19.65168999,3.831200275
2017-08-10,123.8718689,15.74616683,178.1548885,13.65862378,19.95960408,3.922691729
2017-08-11,94.18814094,3.606617863,122.6713477,12.98768185,19.91717711,2.711533846
2017-08-12,109.875816,10.10613274,141.1062073,13.32029768,19.63602844,3.321316149
2017-08-13,108.793128,18.58642169,163.4138167,12.34388761,19.33648633,3.601787683
2017-08-14,84.03564006,8.298029841,140.1985056,12.14349683,19.33856059,2.540221667
2017-08-15,131.9212511,2.022472716,113.079477,13.71568847,19.58827423,2.848359679
2017-08-16,102.5162414,25.92960783,175.2194926,10.57233232,19.349992,3.541544685
2017-08-17,95.72520452,11.92801636,138.908139,9.660513803,19.41097252,3.306940292
2017-08-18,121.9664566,28.02043194,187.856641,12.52928217,19.19231421,3.68679093
2017-08-19,106.7070501,19.33866352,171.7903435,11.57622416,19.1786632,3.686321122
2017-08-20,91.78343196,8.254870629,145.7910737,12.45416763,19.04749564,3.170767102
2017-08-21,79.43412866,7.926484056,120.981712,12.25499349,18.97477736,2.629806419
2017-08-22,94.09871284,16.26042152,120.751579,13.55815723,18.94053544,2.302615444
2017-08-23,133.4930986,31.52873239,154.5501447,15.4310939,18.94967828,3.07445121
2017-08-24,61.91289574,5.134369132,78.92497779,10.47106686,18.89174558,1.960616291
2017-08-25,107.1938991,28.38987554,150.9505358,15.83403509,18.78869086,2.314462436
2017-08-26,103.3070394,24.17112989,174.4994853,13.03291906,19.22847166,3.42016108
2017-08-27,93.60621873,15.99433264,144.2387158,12.68758094,19.19228826,3.233737424
2017-08-28,104.6410662,25.24891132,162.5511869,13.60062122,19.08732498,3.464326382
2017-08-29,75.6684215,17.50464657,130.382752,13.81485756,19.03784808,2.614055025
2017-08-30,68.90927623,13.9830181,113.2028211,13.00103129,18.96142198,2.380552366
2017-08-31,97.52975412,25.51488353,129.0273721,13.27911868,18.86376417,2.948120516
2017-09-01,133.619028,40.75354184,151.1814718,15.87948332,19.01443124,2.692682531
2017-09-02,86.39599793,41.79167098,172.3093632,14.21562716,19.09473598,2.735930842
2017-09-03,78.9602834,30.41939679,143.0358851,13.70260305,19.24954124,2.727776284
2017-09-04,76.17738818,28.26025655,142.6859167,13.75143388,19.15696889,2.63163788
2017-09-05,75.7212374,14.13377801,111.8857541,12.91307074,19.07167898,2.615879613
2017-09-06,73.27122272,27.78896898,114.6536679,11.73253306,18.90262203,2.531240961
2017-09-07,87.21597343,53.44484783,140.9416411,,18.98148858,2.259734138
2017-09-08,,,141.3562622,,19.07357032,
2017-09-09,,,101.9027586,,18.82611913,
2017-09-10,,,101.2527098,,18.14536265,
2017-09-11,,,95.81099191,,17.8181507,
2017-09-12,,,124.0584916,,17.56373283,
2017-09-13,,,144.4967974,,18.13878995,
2017-09-14,,,92.51177749,,18.33058758,
2017-09-15,,,125.8953445,,19.00284246,
2017-09-16,,,93.82297389,,19.10685951,
2017-09-17,,,76.8278516,,18.93810261,
2017-09-18,,,121.1899828,,18.74135914,
2017-09-19,,,128.02283,,19.04600657,
2017-09-20,,,138.6228562,,18.93540496,
2017-09-21,,,115.4227881,,18.99736648,
2017-09-22,47.9557864,50.48057255,61.18660822,,35.68796489,0.966402093
2017-09-23,30.30126298,-0.444342605,27.14496053,,18.57916264,0.61062921
2017-09-24,75.64530402,109.7397254,164.055981,,18.08022979,1.524399569
2017-09-25,27.224154,69.91722284,121.9981108,1.244509305,18.90383595,0.940490566
2017-09-26,21.70601781,61.70969852,114.0609278,3.424127046,18.70518131,0.749860031
2017-09-27,15.57706106,43.02160294,86.89757942,,18.66048775,0.51570598
2017-09-28,42.59011959,31.66423433,69.45826946,,18.95812099,0.858273502
2017-09-29,36.50824484,30.48760273,80.10018779,,20.08982484,0.94591534
2017-09-30,25.56696466,22.20231037,65.28701745,,20.80857533,0.552025626
2017-10-01,39.10870423,19.35065638,58.102406,,21.77166442,0.788116231
2017-10-02,73.5507054,70.74058653,64.25187397,,19.35171381,0.635224005
2017-10-03,45.91237124,75.62866065,123.2084645,,19.15921451,1.057398074
2017-10-04,24.77211411,41.5238936,89.80791775,9.005542415,18.93960624,0.855781951
2017-10-05,24.4733347,42.46314258,89.50431955,8.922023178,18.97290336,0.845460263
2017-10-06,26.29357721,47.08754437,60.65908233,4.481078114,19.16954094,0.908342691
2017-10-07,18.06338754,72.1493467,79.3918501,4.395093769,32.11278609,0.624021065
2017-10-08,22.60277791,67.06999166,96.81685493,5.787840749,18.91923816,0.780839669
2017-10-09,16.24233434,14.54398748,13.00321939,,19.29114438,0.444212583
2017-10-10,15.76312494,34.47404103,91.03443632,,19.68167781,0.385727008
2017-10-11,28.15866678,67.02994471,98.16835769,,20.4347924,0.607984009
2017-10-12,22.43246663,41.7436663,91.47581673,5.653361759,20.18005927,0.774956064
2017-10-13,20.62782628,59.36387826,90.86108515,5.364914697,20.50882885,0.712612631
2017-10-14,24.01589705,71.94367886,76.2601735,4.915218493,20.27507625,0.829657539
2017-10-15,14.17701048,47.83799672,81.59603209,0.263727766,19.79272344,0.489761578
2017-10-16,10.76898342,30.57619697,78.32559541,,20.59037208,0.310022713
2017-10-17,11.99149112,42.67358453,76.42697171,2.988389526,20.48195332,0.414260229
2017-10-18,9.778846693,51.63568434,73.87144205,3.494571205,20.64139391,0.337821813
2017-10-19,10.00725579,37.42123348,69.09183653,5.393340728,21.03430371,0.345712475
2017-10-20,15.1628304,45.85948666,82.77207461,,21.050457,0.501992146
2017-10-21,51.24338633,73.98269992,100.0506942,,21.18710738,0.958892635
2017-10-22,20.67109063,49.68925773,82.21994641,0.397417849,21.64220015,0.714107249
2017-10-23,24.81485012,69.03648799,74.11414879,6.210415088,21.46855273,0.857258317
2017-10-24,17.2515268,45.47891267,63.69736563,3.213005894,21.42423058,0.595974376
2017-10-25,12.35038538,40.89471907,71.49627939,2.650571542,21.33165825,0.426658655
2017-10-26,18.4296514,47.93927803,58.36772185,2.458814152,21.29399381,0.636674083
2017-10-27,15.115914,40.40566336,58.93752713,1.265583918,21.27388773,0.522197109
2017-10-28,15.02125587,37.5855755,49.64425689,3.576658347,21.21311619,0.518927032
2017-10-29,6.233472385,36.86782305,75.22315348,1.795521445,21.20562144,0.215342669
2017-10-30,9.041683815,32.87324027,52.91119038,,21.17608317,0.299340832
2017-10-31,33.82623202,-17.91712572,7.81327124,,21.14472192,0.827735066
2017-11-01,28.37247186,53.57871651,45.97688381,6.750752653,21.45652279,0.980160563
2017-11-02,15.6871217,31.96489528,51.42110082,3.608212029,22.44451871,0.541930154
2017-11-03,22.74170052,31.50548034,67.5807065,3.381563357,22.33176433,0.785638915
2017-11-04,26.92807726,-33.42368326,7.02150425,,22.10551929,0.465131123
2017-11-05,20.56029041,-2.954125796,30.8994302,4.334417733,22.10866965,0.710279525
2017-11-06,10.6308453,10.86908815,32.01711148,,21.98115479,0.336650519
2017-11-07,17.80496065,16.30046233,43.68123176,,22.10989146,0.563835619
2017-11-08,18.26612877,44.93680096,98.99445122,,21.92667917,0.3155125
2017-11-09,14.90332709,29.58770119,47.86452526,-1.67899359,13.8456675,0.514853043
2017-11-10,10.83957083,30.35178813,46.9966795,0.489566561,-10.9726382,0.374465782
2017-11-11,13.11583321,29.55545986,21.72115248,-0.032947319,-14.09998878,0.453101955
2017-11-12,8.207804763,28.19809633,37.81287182,-1.65556556,-10.30489923,0.283548313
2017-11-13,10.77893121,31.43222891,50.09256309,1.888022286,-9.200813938,0.372370914
2017-11-14,11.90028906,28.76026693,31.61291795,1.17751966,-9.155961823,0.411109546
2017-11-15,8.772642322,28.39289556,31.21456674,-0.892777662,-9.146229,0.303061294
2017-11-16,11.97944306,32.44173039,49.33226028,,-8.928973948,0.327626512
2017-11-17,32.66848859,-1.291926542,21.28387886,,-7.995240365,0.752381025
2017-11-18,24.3675543,-10.12023025,26.05123396,,-8.039613,0.491053473
2017-11-19,16.78436235,26.09606539,42.1386028,,-7.461291031,0.289917814
2017-11-20,8.750070707,9.097968649,19.13135628,-6.303012938,-6.883061448,0.302281531
2017-11-21,26.31187421,-10.65973509,16.94052015,,-6.691295198,0.605983189
2017-11-22,3.175551332,2.93049778,7.818349917,,-6.595880427,0.105132207
2017-11-23,6.020409487,15.25885092,17.68917156,,-6.405603667,0.190650312
2017-11-24,8.055092409,9.180835573,15.56060196,1.538460898,-6.218840792,0.278272685
2017-11-25,14.66222332,17.6108439,31.55675308,0.454547864,-6.07692099,0.506523829
2017-11-26,9.324785425,22.48940894,37.6321383,0.400108955,-6.146466385,0.32213573
2017-11-27,18.73176187,11.39957805,22.26499606,2.661645738,-6.533571208,0.647110846
2017-11-28,7.595508886,29.46014158,27.81144199,0.890711726,-6.597378635,0.262395829
2017-11-29,10.27127961,16.93322905,16.26498296,-2.134193144,-7.37013924,0.35483349
2017-11-30,9.875509218,27.65988612,25.97146796,-2.561285334,-11.41717429,0.341161134
2017-12-01,6.172634103,9.143047492,23.19322365,0.37446529,-8.877180531,0.213240938
2017-12-02,7.613421492,31.33466972,49.74325416,2.170774486,-3.33228774,0.263014641
2017-12-03,14.49635055,3.466796548,15.49664724,0.31237783,-5.47638351,0.500793558
2017-12-04,25.22281766,23.47326424,21.76740514,,-3.822693781,0.835045703
2017-12-05,12.24103126,51.62251233,31.60398304,,-10.99372686,0.229060481
2017-12-06,18.70046764,29.04834121,19.48746236,,-14.8067741,0.484522312
2017-12-07,14.39245362,13.6034631,1.297782969,-9.649145396,-16.54606377,0.497204315
2017-12-08,30.1653099,31.06848983,6.683590688,-1.649977879,-11.16088719,1.042096272
2017-12-09,5.258416655,29.39987066,13.11237388,-6.475704223,-15.93365772,0.181658216
2017-12-10,6.036996674,26.69009232,16.1170426,-7.365591169,-18.73866804,0.208555183
2017-12-11,7.667118263,29.03952779,18.81758416,-4.797125406,-16.85097571,0.264869659
2017-12-12,5.469969446,29.3930823,23.9884213,-4.000585645,-14.18770384,0.188966557
2017-12-13,6.68882902,10.74825558,11.03647929,-3.264003105,-11.8085418,0.231073502
2017-12-14,12.79774611,36.65948359,27.85687027,,-5.782397104,0.423691874
2017-12-15,3.679655068,30.57422641,20.60445553,-8.261369991,-16.35257186,0.127118032
2017-12-16,4.155676922,6.805729331,-1.824350917,-5.113190242,-11.45895953,0.143562769
2017-12-17,5.866285127,24.27970803,13.77258099,-6.456639981,-13.45256096,0.202657751
2017-12-18,4.416871476,34.19415106,24.92445908,-7.03012723,-15.62704327,0.152586044
2017-12-19,3.701239669,30.84284417,24.98274375,-5.328310289,-13.24174601,0.127863697
2017-12-20,7.345336496,8.805871399,17.58876677,-3.153791336,-10.10466699,0.253753328
2017-12-21,8.801300198,13.71142891,25.59348055,,-3.952008177,0.228038486
2017-12-22,8.429879296,-5.656342686,76.73353452,,-5.118699948,0.109207553
2017-12-23,19.09460895,-14.29252979,2.654980354,,-3.985443333,0.522219613
2017-12-24,5.594921008,-14.16134792,-4.83135749,,-4.214595865,0.144962368
2017-12-25,12.49598271,2.082572679,5.474080177,,-3.217912781,0.269805304
2017-12-26,1.974662017,11.76142826,-11.24344317,-4.083249444,-2.252078667,0.068217032
2017-12-27,4.922848188,7.913566356,9.796464031,,-2.666051917,0.16297954
2017-12-28,7.151374924,2.810235171,3.827498365,-5.116099311,-2.708155333,0.247052696
2017-12-29,9.257696183,-2.361978023,18.9891494,-3.890205773,-5.562853177,0.186560531
2017-12-30,,11.64193977,-59.10510563,5.104177597,-2.8368065,
2017-12-31,,8.015977053,60.94236085,0.591065382,-1.843757885,
2018-01-01,,20.01608641,-30.98321854,-6.730736497,-3.994681125,
2018-01-02,,24.76333326,38.27160023,-6.994125446,-4.149277729,
2018-01-03,,30.42824705,-51.79189958,,-6.049147375,
2018-01-04,,18.50074067,70.32983848,-9.341927258,-6.571620302,
2018-01-05,,28.64529912,-63.65425104,-6.20948137,-6.203248833,
2018-01-06,,12.59774705,52.49211854,,-4.715684469,
2018-01-07,,19.83482371,-54.0106925,,-2.305030719,
2018-01-08,,17.35241373,60.77189298,,-2.003474573,
2018-01-09,,19.56476708,-46.56562167,,-1.689769052,
2018-01-10,,8.081157225,70.29681754,,-1.36591299,
2018-01-11,,20.18535643,-42.74155708,-7.339896517,-1.241515073,
2018-01-12,,8.954511122,70.21960521,,-1.523667354,
2018-01-13,,42.44274606,-35.12549167,,-1.673378958,
2018-01-14,,35.58048103,43.25159095,,-2.069538844,
2018-01-15,,17.82519838,3.182844919,-8.059864215,-2.522925188,
2018-01-16,,26.98253633,14.96300727,,-2.654035438,
2018-01-17,,33.22702038,-39.60042896,,-3.235823594,
2018-01-18,,19.10383215,61.11142213,-10.07407606,-3.257298427,
2018-01-19,,8.045524924,-3.025689886,-4.692596482,-2.977027094,
2018-01-20,,7.997660109,-1.734584277,,-2.476279031,
2018-01-21,,3.6908746,-18.16377548,,-1.737268865,
2018-01-22,,25.90390819,18.29944211,,-1.745963406,
2018-01-23,,23.7509226,-59.96565938,,-2.35666299,
2018-01-24,,35.53682614,31.43981021,,-2.912497479,
2018-01-25,,12.33007138,-11.45021586,-8.034556359,-3.124689688,
2018-01-26,,3.751761189,28.20428534,,-2.689932906,
2018-01-27,,22.73123376,-30.49415104,,-2.401192938,
2018-01-28,,26.07231638,73.513605,-8.540245923,-2.739806042,
2018-01-29,,27.56322037,-38.07637021,,-2.625299073,
2018-01-30,,9.928731784,83.84530208,-4.498748477,-2.566742688,
2018-01-31,,-16.60556606,-38.54301625,2.344738512,-2.177334479,
2018-02-01,,14.52392171,47.00590058,2.015917888,-1.522428521,
2018-02-02,,1.375803279,-54.49601792,0.700459344,-1.238163073,
2018-02-03,,-3.106872367,64.72709896,0.999924738,-1.061166894,
2018-02-04,,5.118434124,-42.967395,0.331951018,-0.914413134,
2018-02-05,,0.257777889,56.71981108,,-0.941522677,
2018-02-06,,14.25521981,-37.79451833,,-0.831034436,
2018-02-07,,50.37161839,53.6671725,,-0.98021298,
2018-02-08,,12.83407248,-29.96947375,-6.102942885,-1.495294104,
2018-02-09,,6.729962224,55.2193629,-1.481143755,-1.652493563,
2018-02-10,,-19.45588024,-40.05235271,,-1.305988292,
2018-02-11,,28.14597309,38.82524975,,-1.158317948,
2018-02-12,,-0.388548246,-1.694862614,,-1.61137199,
2018-02-13,,22.18765947,21.53297726,,-1.588651365,
2018-02-14,,3.642801352,-47.10480104,-0.72426739,-1.178985385,
2018-02-15,,6.043506579,50.3229191,,-0.945055946,
2018-02-16,,31.53904087,-22.28602075,,-0.829651933,
2018-02-17,,13.90233316,71.14397229,-5.603827314,-0.811739628,
2018-02-18,28.105177,6.803780383,-39.53235021,-3.471491992,-2.006986368,0.485463273
2018-02-19,13.80705658,-10.40560558,76.98185229,-1.938828864,-1.192655125,0.476981083
2018-02-20,5.498478467,25.62592239,-39.99697813,,-1.033060267,0.12663429
2018-02-21,3.968975579,35.34835328,38.65870267,,-1.006396765,0.062843436
2018-02-22,3.190002864,18.26873787,-16.19139409,,-1.364155146,0.068876511
2018-02-23,6.166168068,21.30519519,20.99720142,,-1.451539604,0.115384512
2018-02-24,4.38707336,12.28704043,-32.62483333,,-1.461044948,0.138926913
2018-02-25,2.125720511,10.29684262,80.44218302,,-1.448366146,0.027538322
2018-02-26,4.745904984,33.9176078,-40.75436208,,-1.371162729,0.10930193
2018-02-27,6.316054403,13.609303,51.97077104,-7.156502735,-1.546475875,0.218195562
2018-02-28,8.426391368,21.09790583,-38.91441146,,-1.591367823,0.266841342
2018-03-01,5.24465384,18.15620307,66.87775056,-7.531268119,-1.500004406,0.181182764
2018-03-02,7.635481995,20.79363168,-37.15171896,-4.217626277,-1.563653427,0.263776747
2018-03-03,7.811274874,7.551902353,58.30573677,-2.766069464,-1.520010031,0.26984972
2018-03-04,13.41468787,15.22622733,-50.40781438,-5.388110879,-1.463002833,0.463426242
2018-03-05,6.15300163,4.01137732,53.50821219,,-1.358510906,0.203705932
2018-03-06,5.805273816,20.62427632,-54.59251,,-1.387279479,0.183837539
2018-03-07,7.246633982,24.47145488,42.18352464,,-1.58467176,0.219050591
2018-03-08,11.60032757,15.51796581,-31.53420227,-3.144035895,-1.766667719,0.400747022
2018-03-09,14.80253888,15.08898101,70.28497058,-0.7309567,-1.625837719,0.511371195
2018-03-10,18.36386902,-3.114730519,-38.59316373,0.751118506,-1.220388791,0.634401553
2018-03-11,7.479196317,18.60627192,65.86907438,-3.72392903,-0.887399402,0.258377674
2018-03-12,10.89748838,27.8480459,-30.89570938,-1.876150093,-0.974958948,0.376466612
2018-03-13,8.166491455,18.74649392,52.22230729,-1.406680412,-0.70712326,0.282121096
2018-03-14,6.209105544,25.16624448,-23.02537273,2.531727396,-0.399008952,0.214500887
2018-03-15,6.069060768,22.83386873,33.22776706,,-0.183879021,0.165983109
2018-03-16,9.994455787,32.74424483,-0.811698165,,0.227144752,0.302111498
2018-03-17,9.218238727,26.60986233,-26.02884959,-3.934844468,0.492035509,0.318454948
2018-03-18,10.62471934,15.25842712,-41.28866688,,0.540329892,0.321163048
2018-03-19,8.721882571,35.77083578,96.72469271,,0.536833266,0.251089782
2018-03-20,9.90464622,34.85761514,-42.12127938,-7.080335272,0.508853348,0.342167706
2018-03-21,5.826466859,17.58046375,64.70407652,-3.359018404,0.470675833,0.201282182
2018-03-22,1.770576925,11.07279523,-37.82109833,,0.439430909,0.050972227
2018-03-23,18.63702881,18.36721965,65.44507223,,0.407823914,0.348745681
2018-03-24,9.47125749,36.6064514,-28.38844208,,0.378965019,0.245396835
2018-03-25,22.2529932,20.90591474,-19.8378533,,0.341650689,0.544535459
2018-03-26,20.29867022,24.3942562,-48.19447563,-0.015150246,0.316501714,0.701241546
2018-03-27,12.99006252,48.60123272,69.20786019,-1.389366371,0.29858619,0.448757058
2018-03-28,13.77498626,34.73809485,-22.66129923,-2.614861164,0.275708589,0.475873176
2018-03-29,12.54467319,32.64641378,-50.52229019,-2.927101883,0.26473476,0.433370557
2018-03-30,13.35650414,25.22122164,10.32355831,,0.417876562,0.442190541
2018-03-31,21.87185318,11.85996059,88.89026731,1.955297043,0.230827368,0.75558901
2018-04-01,26.56480361,6.904815593,94.76339594,5.187326324,0.213380174,0.917712528
2018-04-02,37.53007984,8.452920904,106.6688685,,0.201630028,1.134455832
2018-04-03,19.3126577,16.72997833,76.88355287,,0.199728853,0.389187504
2018-04-04,24.41106849,20.22691446,77.53767458,-0.672033156,0.191322117,0.843309203
2018-04-05,15.08755588,25.04925568,85.94322399,0.10100856,0.184380119,0.521217444
2018-04-06,0.37944419,-0.355451516,24.50172797,,0.180495134,0.000546181
2018-04-07,24.51200549,43.33543333,68.53984136,,0.173870416,0.176415873
2018-04-08,48.92430538,21.84814688,94.75524799,,0.169967893,1.267610951
2018-04-09,28.95900364,42.23800868,119.6761986,0.21214234,0.162863876,1.000422997
2018-04-10,23.30913097,31.17448624,124.9195847,0.870064878,0.158673004,0.80524147
2018-04-11,28.96626849,23.57833349,139.5383979,4.774787495,0.151498434,1.00067397
2018-04-12,34.21833863,-3.735665065,70.96542862,5.228464052,0.148005771,1.182112938
2018-04-13,47.99922129,66.15987586,163.6714166,-4.032785002,0.143766193,1.658189812
2018-04-14,48.61411428,55.77916817,182.5327092,-1.754168441,0.131440183,1.679432017
2018-04-15,30.49185183,62.93919581,183.6557736,1.736818844,0.123161224,1.053377048
2018-04-16,25.83169685,19.53220029,101.7918989,5.767749202,-0.134470764,0.892386488
2018-04-17,36.29906045,27.04437173,82.34764228,0.177967731,0.044352329,1.253993932
2018-04-18,35.26216431,66.76379703,182.6933964,,-0.030160279,1.167415916
2018-04-19,40.06406333,40.47654535,151.6332318,4.126475686,1.156300683,1.384060404
2018-04-20,28.98895306,35.11495683,87.09557923,0.315812187,6.964787341,0.625911022
2018-04-21,51.43822907,79.20335846,156.708635,2.585787282,25.34350525,1.036580066
2018-04-22,55.29444819,86.51070761,216.6519569,4.339579441,31.22350289,1.671435539
2018-04-23,42.21364862,51.85926445,176.6772022,5.777787596,26.24938326,1.458320368
2018-04-24,50.83843737,34.15651518,162.496442,5.887376117,17.09191142,1.53673965
2018-04-25,47.32954791,63.41787606,195.8761004,2.235221993,4.362149591,1.566927856
2018-04-26,47.99637611,69.20965293,206.0129596,3.612625022,-0.050380542,1.658091522
2018-04-27,46.10139319,65.92953466,199.564148,5.25783415,3.263189982,1.592627098
2018-04-28,33.34409029,41.08270372,155.5191859,5.674798345,20.65868741,1.055918413
2018-04-29,48.81496501,56.47539122,148.3769089,8.44417391,6.45907775,1.264777982
2018-04-30,50.13993892,72.30266288,172.4297014,6.017120965,2.430990917,1.732143432
2018-05-01,26.60949972,37.36056675,99.91054035,3.519084391,-1.770058978,0.919256608
2018-05-02,24.13478844,40.54985682,120.2314586,3.397406851,5.323238179,0.764284384
2018-05-03,46.10037127,57.0621476,100.5256297,2.553225146,1.135442607,1.061727863
2018-05-04,51.62763004,64.62942178,221.1582835,3.794849625,13.38415486,1.783537479
2018-05-05,52.69762465,66.48011456,211.9138508,6.232654845,14.12511551,1.820501707
2018-05-06,47.68991308,43.75038491,171.8779238,8.135285098,4.716447871,1.647504394
2018-05-07,40.07267336,32.81454635,139.9472111,8.984717677,3.177624427,1.384357848
2018-05-08,67.37170036,71.84877075,219.089346,9.249968984,21.22136572,2.036505617
2018-05-09,62.64103751,52.05688154,147.4805998,11.61295226,14.44343646,1.62300649
2018-05-10,61.05321559,52.74395734,201.6057287,11.04227736,19.67303087,2.109155469
2018-05-11,45.16113698,24.55687893,124.025782,11.78168079,16.06434818,1.560144836
2018-05-12,49.28920693,42.0895708,149.8767092,11.86377571,18.05670279,1.70275389
2018-05-13,55.92754933,65.37349606,171.493963,9.368785459,17.45714311,1.932083271
2018-05-14,62.47452175,68.63252323,197.7746455,6.212489548,14.09674715,2.158256169
2018-05-15,63.66361592,67.89057392,209.6443251,7.326208336,17.93074963,2.199334832
2018-05-16,64.16014743,66.75581148,220.418294,8.710055628,24.80681291,2.2164881
2018-05-17,74.24458905,68.55365586,221.7412517,9.313525584,24.66603982,2.564867051
2018-05-18,61.32894724,57.17857163,180.8311983,8.181664284,17.2445964,2.118680944
2018-05-19,64.57933327,58.70776241,158.5286573,7.145318908,12.68936473,1.859141142
2018-05-20,55.18451128,32.49779573,114.298063,8.631032442,7.07330456,1.19150884
2018-05-21,68.43912144,63.51510018,154.1024075,10.49968875,13.16873725,1.674719805
2018-05-22,58.24431392,60.99263659,148.7191604,9.378460458,15.02819017,1.509088981
2018-05-23,65.8154951,56.22186701,173.2730245,9.228992777,18.22673205,2.084201204
2018-05-24,83.82738651,68.16678255,224.7406383,8.998016487,23.71511324,2.895916111
2018-05-25,78.07003894,56.09852547,221.977213,10.97086686,28.59627094,2.697021737
2018-05-26,60.21756445,18.47249548,122.7572208,11.27116854,14.25185834,2.080286913
2018-05-27,85.11885343,52.80561624,226.2770261,11.95483333,28.43234549,2.940531362
2018-05-28,55.15529652,28.17762783,123.0863435,8.2949885,11.66292132,1.905404886
2018-05-29,56.94314018,50.44322983,160.60567,7.974836434,13.06370433,1.967168057
2018-05-30,56.37378466,35.36182372,131.0110005,8.527799432,11.84155451,1.785207415
2018-05-31,120.1005489,69.34758284,228.7244574,15.23341702,24.13421936,2.766010242
2018-06-01,110.9003232,63.2231948,224.2286194,12.38266633,24.25241297,3.831182698
2018-06-02,102.2369285,55.29415095,222.0170982,10.45593618,22.35890013,3.531895492
2018-06-03,47.78335659,18.93029749,107.2600359,9.144582941,12.83082922,1.650732511
2018-06-04,139.0771722,70.67364347,228.7288394,14.51146205,20.83890697,3.403247876
2018-06-05,98.48371574,30.58992489,202.6359935,12.80431627,21.9964083,3.402236321
2018-06-06,82.79243836,19.80448928,163.5625807,12.06905965,17.70464561,2.860162605
2018-06-07,117.4121825,29.24365436,214.4753007,12.04510169,19.17752235,4.056142572
2018-06-08,116.3715288,35.51924927,221.6940705,11.69559826,18.2246992,4.020191959
2018-06-09,117.1276107,35.63264055,215.9546212,12.01765659,16.84740892,4.046311701
2018-06-10,137.2004411,38.23949764,216.0078297,12.88470172,14.25929825,4.739751344
2018-06-11,124.3250485,45.6700442,222.648848,11.44005063,14.89871264,4.294955693
2018-06-12,112.6252665,23.45881631,196.9720141,11.87114564,14.04291691,3.890772903
2018-06-13,131.9624917,27.67286385,228.8732202,14.20622915,16.73520533,4.558800192
2018-06-14,103.6216003,13.16411896,179.5354149,15.29549789,17.23648624,3.579730613
2018-06-15,100.365926,18.62420751,181.4012021,13.37654964,31.93239747,3.4672595
2018-06-16,46.30268964,8.55740988,92.40011473,12.02420873,8.422694178,1.466282695
2018-06-17,102.6972482,8.5415387,113.7483358,11.06952919,12.75594362,2.808673242
2018-06-18,113.5690484,32.85546355,209.8878454,12.96157899,18.74883755,3.432954841
2018-06-19,128.359656,38.43646077,225.7224969,11.58748267,13.74439602,4.434335977
2018-06-20,123.0767714,44.27182434,229.1035133,11.1149972,10.55857117,4.251832487
2018-06-21,148.0443389,31.20245118,228.2000752,14.32492375,11.76573469,4.475070779
2018-06-22,117.1725778,10.54286067,161.8277796,12.40635509,7.630432665,4.047865143
2018-06-23,129.6431629,28.48860769,214.5019857,11.18413003,6.381669598,4.478676238
2018-06-24,133.8970119,34.12556044,207.8190647,12.00395505,9.044900722,4.625630478
2018-06-25,129.3689198,35.10550267,224.9020776,10.84709852,8.423456058,4.469202188
2018-06-26,136.4978166,16.03331505,219.7393734,13.42796154,11.11655731,4.715478351
2018-06-27,132.2226562,7.444799184,204.4849402,14.88140791,11.37538757,4.567787882
2018-06-28,132.5797603,6.975154584,189.5929775,15.46965425,10.96915377,4.580124466
2018-06-29,133.323071,22.66832079,217.7925326,13.29709485,10.83287792,4.605803012
2018-06-30,139.4823532,27.4988069,214.0932518,12.00811172,8.287249327,4.818582694
2018-07-01,131.9633244,31.46028422,218.8874079,12.14463877,10.55656856,4.558828961
2018-07-02,133.5705954,29.24582709,217.5123426,12.24689792,10.30818803,4.614354036
2018-07-03,93.61975692,18.94955197,158.4956895,13.01183617,7.970989977,3.234205117
2018-07-04,111.8145258,18.61780784,180.0693701,13.51704233,10.38470312,3.862764907
2018-07-05,77.35285851,3.616715029,130.3056572,15.2836757,9.138361047,2.672245892
2018-07-06,121.5732723,24.48433285,200.9344791,16.0612526,13.67886859,3.849901306
2018-07-07,78.98824559,6.341884768,119.9228767,13.74491271,8.152772492,2.728742271
2018-07-08,137.4844505,11.23023871,116.3829835,14.56495181,1.859192776,3.16637519
2018-07-09,173.6844027,19.88121423,237.5249663,19.34685988,15.65084208,4.500099678
2018-07-10,116.2281574,6.259901894,117.9195909,14.35323908,8.896899566,3.513334145
2018-07-11,144.7658033,10.08982647,149.4510471,17.00768438,7.831181018,3.33407048
2018-07-12,77.66362059,0.608231577,104.933866,13.76623558,9.718558676,2.682981535
2018-07-13,146.055471,20.26009022,178.4245951,17.06840183,13.31279322,3.78424411
2018-07-14,136.3930026,14.06583408,207.152197,17.0836127,18.94474661,4.711857428
2018-07-15,56.53278404,6.529294611,82.29082718,14.67462588,10.99714714,1.95299182
2018-07-16,138.5513909,21.44792073,176.6293642,17.54555718,9.244240206,3.190947667
2018-07-17,124.6816214,13.00456346,186.4339902,14.7916386,12.08763705,4.307273926
2018-07-18,154.7116817,7.429597971,197.0404998,15.24146715,8.338943807,5.122002096
2018-07-19,139.2314826,3.997453649,201.4778388,16.13668278,11.40613873,4.809916074
2018-07-20,85.26878926,4.716142086,125.6958823,14.662861,6.369419978,2.945711072
2018-07-21,119.2191083,18.93282991,188.1621504,15.64653493,8.645606061,3.946958084
2018-07-22,152.83245,19.10062827,214.6459288,17.09505403,14.91709636,5.27977756
2018-07-23,149.0696911,9.929816518,190.6298423,17.92289402,11.21227322,4.291490507
2018-07-24,133.8861696,14.45212892,189.827199,16.17323926,9.867869147,4.62525592
2018-07-25,119.4633013,2.64885678,144.4528732,15.67806292,8.427585561,4.127000892
2018-07-26,124.8415897,10.25501783,167.0203949,15.17099963,6.187304465,4.133100211
2018-07-27,106.8484194,11.14984191,144.9219956,12.69912084,2.992799836,3.691204892
2018-07-28,85.38671262,8.952529213,130.9454349,11.8407543,2.410275626,2.949784874
2018-07-29,134.6661299,22.05182752,148.5271477,15.10933547,2.734550092,3.101467047
2018-07-30,136.7645407,20.29129365,201.9941769,12.71202472,5.294453036,4.72469265
2018-07-31,113.3677555,21.31557012,181.7396529,12.89349706,4.80904325,3.916423061
2018-08-01,89.17916777,-3.863223336,105.6282145,13.12681925,0.825999859,3.080799718
2018-08-02,99.23192529,4.73294115,149.9431497,14.78586132,5.343052665,3.428084105
2018-08-03,12.78204403,-3.71270749,70.08046105,12.81039283,11.60648556,0.202386623
2018-08-04,,,130.4764986,,3.504120043,
2018-08-05,,,164.0719771,,8.615038926,
2018-08-06,,,177.4065397,,8.456773383,
2018-08-07,,,182.7062112,,6.517240813,
2018-08-08,,,178.3579103,,6.655066733,
2018-08-09,,,154.0823088,,7.53056292,
2018-08-10,,,118.9957897,,4.33267364,
2018-08-11,,,157.2617857,,5.680397661,
2018-08-12,,,154.3021993,,7.085047408,
2018-08-13,,,140.2702027,,6.351771979,
2018-08-14,,,149.5091776,,7.427105531,
2018-08-15,,,128.7829383,,5.420071911,
2018-08-16,,,81.25941167,,3.35240645,
2018-08-17,,,128.2072378,,5.794369817,
2018-08-18,,,123.900753,,4.79164535,
2018-08-19,,,177.0035157,,2.773056723,
2018-08-20,,,169.3406223,,3.687340051,
2018-08-21,,,69.84844539,,1.63074962,
2018-08-22,,,80.34955378,,4.818406728,
2018-08-23,,,179.4285013,,8.158212757,
2018-08-24,26.92778596,-15.8935898,170.5284475,13.76412062,9.377642209,0.232563045
2018-08-25,58.57673374,15.88341399,110.2699528,12.36658587,5.114432605,2.023602477
2018-08-26,93.0228597,39.78918566,130.9315612,13.40799177,2.278900639,2.677987165
2018-08-27,76.74225905,13.48577986,103.6564545,12.03648676,3.151116279,2.651152012
2018-08-28,92.52657186,52.97262045,170.6839661,10.91471933,0.758153181,3.196439748
2018-08-29,81.41701444,48.47785017,158.8415951,10.82255606,-0.437930589,2.81264696
2018-08-30,75.47818657,41.08472681,152.2557177,12.2661225,3.056629956,2.607483135
2018-08-31,49.32590615,8.166595046,65.20507981,11.34070039,-1.355583427,1.704021708
2018-09-01,60.90535292,55.20982332,163.9768076,11.2805652,4.831740052,2.104047378
2018-09-02,53.00278518,24.18571469,94.82878138,9.478955983,-0.709187033,1.831043838
2018-09-03,33.01800785,18.71641221,66.95736122,8.853539761,-0.897485795,1.140646093
2018-09-04,34.60551589,9.424159756,64.9357617,11.0709306,-2.322091104,1.095864398
2018-09-05,42.48679096,9.091306044,54.59716676,8.53025867,-1.415946406,1.284286844
2018-09-06,76.33432835,51.1576347,123.3936997,12.61481524,-0.304840401,1.758039709
2018-09-07,83.57597529,96.41087841,162.188728,15.09902538,2.445492898,1.804519258
2018-09-08,47.61618938,37.37417697,120.5833261,11.82968206,-0.455666525,1.576417625
2018-09-09,50.25521731,40.67436196,132.002234,12.17284385,4.316922793,1.73612586
2018-09-10,41.92851845,36.45441398,115.4293891,11.50171871,-0.310906439,1.44847021
2018-09-11,36.54920031,45.32210513,110.4022699,12.29998334,1.080821092,1.262635308
2018-09-12,47.48845325,67.63583034,143.2135508,12.40315855,0.941755638,1.640544726
2018-09-13,35.92697187,59.53706168,139.9897698,11.30014992,0.09242956,1.189425538
2018-09-14,33.45517439,59.25845318,139.8708453,10.36367181,-1.08782583,1.155748528
2018-09-15,33.49800511,71.483141,140.6160074,11.90974075,1.284127016,1.157228165
2018-09-16,30.09390321,66.37236374,123.5807655,12.68929234,2.063710332,1.039629443
2018-09-17,23.68182992,42.04016112,95.58225042,12.25766167,0.034603408,0.818116795
2018-09-18,30.1583668,58.94460273,124.4613161,13.03518443,2.889190456,1.041856414
2018-09-19,22.55006511,18.08629237,55.11771428,8.95303263,-4.740911642,0.779018643
2018-09-20,48.91184288,59.73156064,144.8610918,10.94852673,3.994685,1.689717403
2018-09-21,33.38150767,62.8123921,127.9020156,8.493168394,-4.359866981,1.153203624
2018-09-22,32.6967076,61.36052124,126.0567681,8.445336035,-4.912423458,1.129546396
2018-09-23,28.62620302,59.99552205,112.6766204,8.894921806,7.140095754,0.988926006
2018-09-24,24.12675092,12.40543478,58.35335523,9.244001735,-0.895890404,0.764029857
2018-09-25,30.0959192,52.7628757,122.8792156,5.765874329,-5.35949257,0.953057497
2018-09-26,25.74004439,73.16923011,119.8516973,6.002994329,-7.894042113,0.889220246
2018-09-27,23.44999971,69.74002355,117.2369293,7.06892163,-6.496259717,0.810107947
2018-09-28,24.79915882,63.53599514,116.2019083,7.733417449,-4.988121084,0.856716242
2018-09-29,22.36002152,65.05609356,112.8375149,8.748654138,-3.919214048,0.772453362
2018-09-30,20.84861417,67.86454573,111.2979575,10.01040092,-0.887337961,0.72024001
2018-10-01,9.650369467,6.857078514,33.99699522,9.491659373,0.805632901,0.291710488
2018-10-02,-0.149810994,-1.463100745,25.60474988,7.0522295,0.962531099,-0.001078208
2018-10-03,53.72559701,65.6765509,113.7362918,12.5070397,7.267976705,1.00534104
2018-10-04,39.06501192,24.19401539,77.84345648,8.025099042,-0.256951214,1.293315868
2018-10-05,26.42899221,26.99342238,52.97846294,5.927757222,-5.021798045,0.798893167
2018-10-06,36.96202678,17.22826132,51.96683708,7.475885909,-5.154915446,0.851264591
2018-10-07,32.81211725,47.92160401,97.24286198,7.568336836,0.304470687,1.133533359
2018-10-08,16.06796315,8.188503774,30.4256326,2.7282847,-8.026229698,0.485700925
2018-10-09,20.9878106,29.40932863,63.80711797,1.387710308,-12.58311214,0.664627989
2018-10-10,27.27205805,38.03833091,52.45910323,1.593509125,-11.810214,0.471072734
2018-10-11,5.728660564,-0.09779647,5.792114895,1.861004551,-10.39951901,0.098951674
2018-10-12,9.205232648,31.34158414,45.41280631,2.02337894,-10.28550216,0.225253994
2018-10-13,22.95425049,42.09283623,84.35689225,4.266435483,-12.82465823,0.462572661
2018-10-14,25.55860282,35.09316514,62.54701171,0.380739626,-10.08535588,0.84616246
2018-10-15,11.60298197,11.63816248,64.98757122,-6.20079495,-15.2043799,0.334032268
2018-10-16,13.03647417,21.25911102,73.13890106,-3.051603895,-15.18320219,0.356535319
2018-10-17,13.66800602,14.53584897,53.68683047,2.322937054,-10.31089616,0.472177417
2018-10-18,15.59850411,21.88551511,66.93592695,4.141760907,-1.099221424,0.538868755
2018-10-19,33.29422529,59.00844501,91.03276395,5.165693885,-5.206343731,0.766792234
2018-10-20,20.02793565,44.48457031,82.45048365,2.116140174,-8.240541052,0.691888701
2018-10-21,19.27463287,49.97383836,89.12703227,3.178677611,-6.640106617,0.665864966
2018-10-22,21.50164984,38.75728844,69.05398533,5.918122034,-5.325736449,0.557099924
2018-10-23,34.54348868,20.5646681,68.23542163,5.631201765,4.971170331,1.143622896
2018-10-24,46.74978961,29.91975984,70.20291418,6.015816344,2.651690951,1.143977259
2018-10-25,17.55916272,28.46240948,53.63023673,3.104319666,-5.662818071,0.606602023
2018-10-26,24.79772492,62.91023087,78.37148396,4.633768409,-7.18919092,0.64250003
2018-10-27,17.33471438,47.91100117,79.90301844,3.129179806,-8.515505808,0.59884819
2018-10-28,18.64035959,39.59428723,74.11546135,3.944989004,-8.316965089,0.590290476
2018-10-29,20.40674175,33.50156813,61.07630793,3.830099757,-9.415843554,0.704975005
2018-10-30,7.742643348,0.328700434,12.7321242,0.67679781,-11.37512899,0.14488433
2018-10-31,23.25025347,23.93746047,59.84355159,-0.410351017,-7.385832144,0.769740499
2018-11-01,28.32407137,9.357186959,34.56784832,-0.49212026,-11.92022551,0.978488511
2018-11-02,23.70812331,18.52432165,70.05502588,3.954507727,-5.036779996,0.819025131
2018-11-03,21.62741545,18.15995305,43.28758495,-0.549613798,-6.293396635,0.74714462
2018-11-04,9.418577929,10.16052611,22.42034724,-3.398253876,-10.42783928,0.311818574
2018-11-05,17.43075144,24.66310868,42.86062634,-1.57014996,-7.416358979,0.602165904
2018-11-06,19.75813485,24.63726561,38.81825813,-2.246777348,-7.939664656,0.682568113
2018-11-07,11.62475702,35.14804235,34.24420188,-7.539858533,-9.707834885,0.351392095
2018-11-08,12.14891243,29.71487262,19.29268761,-8.10234559,-9.46139151,0.419698534
2018-11-09,11.0548028,49.33118428,32.76760625,-7.968248892,-9.056512729,0.254600816
2018-11-10,12.7445472,35.37347343,46.01274168,-4.741789372,-13.17535458,0.238482531
2018-11-11,11.40339241,18.27922426,14.83672365,-6.070516665,-7.554118219,0.393943664
2018-11-12,0.664997145,2.503846016,39.96958251,-10.70463736,-7.160093417,0.00957213
2018-11-13,9.132459891,63.51332048,40.07535817,-6.286216774,-6.867740688,0.197182261
2018-11-14,6.804250378,35.03423443,40.4207899,-5.996870096,-6.200587229,0.235060869
2018-11-15,10.76250586,30.68992864,36.71468701,-4.185273242,-5.73573551,0.371803481
2018-11-16,8.57994328,22.62697097,21.81278104,-3.672930453,-5.538805677,0.296404278
2018-11-17,13.01821823,29.32122922,54.54468942,-2.853131516,-5.192288865,0.44972973
2018-11-18,13.77876038,25.53145807,103.2737115,-3.800602999,-4.854569875,0.476003557
2018-11-19,10.16019814,25.96687088,28.36198688,-7.004043177,-5.308594479,0.350996049
2018-11-20,9.408007867,25.3304481,28.99461552,-5.775242935,-5.832122406,0.325010748
2018-11-21,7.855247381,27.89790859,26.78833497,-5.298571156,-7.438948604,0.271368802
2018-11-22,8.294086039,8.191739353,7.71315738,-5.172656874,-4.328208219,0.238774168
2018-11-23,11.25497816,7.702567816,17.40606303,-3.058495902,-2.014270229,0.388816519
2018-11-24,14.65237211,-6.332507383,-11.60293128,-5.327339791,-1.646385417,0.210909794
2018-11-25,2.592339467,20.02494423,14.5413024,-9.408183617,-1.810966958,0.055972144
2018-11-26,1.652526697,23.2002201,37.91112439,-12.33597583,-3.048948542,0.028544244
2018-11-27,3.788181263,19.83634637,39.89493118,-8.051086648,-5.238004115,0.087244798
2018-11-28,2.410369541,9.665476995,9.695053032,-4.514339219,-5.975992344,0.052043165
2018-11-29,-2.893873102,18.12781642,-18.61992103,-1.449997336,-5.072928833,-0.004165511
2018-11-30,8.876837429,2.692083177,-19.36663655,-2.811418911,-4.596609063,0.153330419
2018-12-01,4.763991104,9.153138834,10.32404568,-9.620303723,-4.34507225,0.096003659
2018-12-02,5.960644386,33.78298523,23.47526923,-8.939940609,-4.321045625,0.060059272
2018-12-03,1.649839196,3.867059163,-13.38850901,-9.062170458,-4.419189042,0.007124456
2018-12-04,,,2.170202906,,-4.412450635,
2018-12-05,1.966492705,12.60548951,-4.572649985,-8.773258041,-4.234870906,0.048120493
2018-12-06,,,-19.05325507,,-4.246098469,
2018-12-07,,,-3.720781726,,-4.19063351,
2018-12-08,,,5.812738694,,-4.066582948,
2018-12-09,10.63446049,-1.568330609,22.21666274,-4.19608824,-4.015899063,0.107152501
2018-12-10,1.860732816,33.69781438,9.930514344,-10.46871298,-3.733577802,0.024105455
2018-12-11,-0.381438242,12.28627809,9.923956439,-8.301301783,-3.659583781,-0.01153008
2018-12-12,6.251296113,2.35620713,-0.665718977,-7.7279689,-3.593134375,0.107979205
2018-12-13,1.277049943,7.423522208,-19.12657075,-9.75117904,-3.603934313,0.01654395
2018-12-14,0.71554405,20.57670464,17.2914068,-10.46621992,-3.481401979,0.013389629
2018-12-15,1.300396599,15.32646032,4.257048594,-9.268453857,-3.042002756,0.029949158
2018-12-16,0.521772591,16.75583747,8.387006563,-10.3569431,-2.986627878,0.015772094
2018-12-17,5.61716405,13.33534474,1.759341281,-5.206061937,-3.390772531,0.129367713
2018-12-18,2.381512751,-0.022244417,0.280735729,-5.062868651,-3.598080854,0.082272172
2018-12-19,13.00145679,-13.70266948,-5.519309679,-3.026116244,-3.72280476,0.449150686
2018-12-20,1.100171098,9.623164592,-7.39633801,-8.971113357,-3.60821426,0.030088646
2018-12-21,3.685042682,4.990641577,5.061553228,-7.515063543,-3.547642073,0.127304153
2018-12-22,10.62279629,-4.035020577,-7.388129348,-4.825120197,-3.762100875,0.214069945
2018-12-23,0.681327838,14.14716452,7.81741142,-9.508127661,-3.758471781,0.010787918
2018-12-24,-0.872065888,15.06956051,-23.99979269,-8.356987884,-3.756454302,-0.006276364
2018-12-25,3.798245728,15.37801332,-13.55884923,-2.478235944,-3.716143365,0.060140156
2018-12-26,-1.138302953,-3.277023738,8.517996483,-4.070949779,-3.627368156,-0.032770017
2018-12-27,1.406925355,32.21411702,21.68141915,-10.9610214,-3.473872177,0.012150975
2018-12-28,1.532334272,20.41826509,12.88553956,-9.064347645,-3.580675573,0.015439754
2018-12-29,,,46.806129,,-3.555392667,
2018-12-30,0.489761323,27.80033582,20.14481352,-12.60936409,-3.41533774,0.007754717
2018-12-31,4.135274641,2.218687651,-13.37937433,-9.071612349,-3.280050656,0.059524145
2019-01-01,-0.045260851,0.211129138,29.20590897,-12.89565611,-4.016308646,-0.000260598
2019-01-02,,42.5897769,58.41368467,-14.09179548,-3.158900396,
2019-01-03,,18.4875361,25.63174688,-12.87514768,-3.203376604,
2019-01-04,,6.73679164,20.64118875,-9.471865648,-3.136787594,
2019-01-05,,9.553339228,16.85141304,-4.22387302,-3.139672948,
2019-01-06,,-2.199021394,-17.83443758,-3.124485093,-3.1808235,
2019-01-07,,-9.077185105,-29.55462858,-4.010970133,-3.174612406,
2019-01-08,,12.06657517,26.60209649,-9.039681805,-3.251180438,
2019-01-09,,10.68756032,17.76049899,-5.498700408,-3.222576677,
2019-01-10,,17.56074917,13.86608695,-2.589099591,-3.25271951,
2019-01-11,,-9.854676278,-17.42702767,-3.72425975,-3.188939917,
2019-01-12,,-0.349938255,13.64507822,-9.555247036,-3.165777281,
2019-01-13,,16.34614398,36.72141863,-10.16205234,-3.15820024,
2019-01-14,,22.94566482,22.52423543,-12.90302975,-3.246017052,
2019-01-15,,6.72789344,23.90812266,-11.28749811,-3.153323333,
2019-01-16,,1.3803584,-31.40642398,-6.157382562,-3.063685115,
2019-01-17,,20.06570335,-9.41290725,-1.953871318,-3.246931375,
2019-01-18,,-10.76362626,-1.589957896,-4.011256319,-3.220885375,
2019-01-19,,4.876415468,7.708487939,-9.086516911,-3.238314917,
2019-01-20,,7.416999686,9.64501519,-7.934993588,-3.212448594,
2019-01-21,,-1.851164396,9.61113621,-7.978591591,-3.136708271,
2019-01-22,,-16.88009422,-11.61390322,-9.276480521,-3.178129281,
2019-01-23,,-2.746183055,8.623948656,-7.735008741,-3.204442427,
2019-01-24,,-3.618874985,-3.369142286,-8.736968803,-3.185866021,
2019-01-25,,-9.002790083,-12.5749585,-9.054999299,-3.191173844,
2019-01-26,,-20.21121602,2.374377063,-6.119796226,-3.059831625,
2019-01-27,,-3.793938655,-3.101435795,-3.049619544,-3.012773531,
2019-01-28,,-12.59063002,-12.90740981,-6.727380862,-3.150752406,
2019-01-29,,21.91217275,-9.929840146,-11.8114129,-3.166371115,
2019-01-30,,3.988535953,-9.268366226,-11.08645677,-3.106060333,
2019-01-31,,22.13505356,-7.936876625,-9.309522731,-2.994733427,
2019-02-01,,18.43999424,-1.79780524,-10.50936018,-3.050787063,
2019-02-02,,1.852250199,2.089758592,-10.19708573,-3.114151583,
2019-02-03,,-5.002193063,-35.71982953,-1.861151926,-2.931124677,
2019-02-04,,-3.455179494,-2.924346207,-1.072219772,-3.000379438,
2019-02-05,,-9.950262669,1.084468675,-2.1493015,-2.909405844,
2019-02-06,,-2.067091099,-0.155933523,-7.735653384,-2.842230396,
2019-02-07,,8.998115519,3.861310853,-13.0916168,-2.80645924,
2019-02-08,,,1.268461347,,-2.688430198,
2019-02-09,5.371589578,-10.45496879,-12.16873761,-4.74762423,-4.434140344,0.085051958
2019-02-10,4.190687595,-4.435521726,-17.65142833,-7.44264621,-2.864280917,0.054289595
2019-02-11,11.34853067,0.044263367,-0.958916245,-8.437945395,-2.930356031,0.0980121
2019-02-12,1.241783098,8.189210932,4.982703749,-10.29612671,-2.933302281,0.021449432
2019-02-13,3.287478085,0.250859299,7.680925821,-6.84015302,-2.902433354,0.080445285
2019-02-14,1.5069271,2.657835712,4.739275176,-0.823518113,-3.14007125,0.021691074
2019-02-15,6.627217038,-6.338063541,-10.44505493,-2.375927555,-3.511626594,0.181248159
2019-02-16,6.412505423,-6.580793157,-14.6939965,-7.08534866,-3.760797969,0.175375998
2019-02-17,1.336689279,10.51585743,23.65157411,-13.17817777,-3.598345063,0.017316566
2019-02-18,5.816979954,-2.811128038,30.03100877,-9.323720663,-3.480692583,0.100477223
2019-02-19,1.396420013,-13.09456696,-48.44656478,-11.33042011,-3.188683052,0.008040163
2019-02-20,0.584696745,0.005107796,9.439139834,-13.14136266,-3.167534906,0.00504976
2019-02-21,10.06050922,-6.887651328,17.77252291,-6.400346346,-3.367898469,0.159294748
2019-02-22,2.852145387,-8.446279145,-8.319945513,-5.740623973,-3.241414271,0.049265366
2019-02-23,4.425039075,-24.81569601,-7.914608726,-9.234091347,-3.180108563,0.101912135
2019-02-24,1.164707886,11.94663037,-3.01985349,-11.64364007,-3.122245885,0.016765088
2019-02-25,1.797178955,9.147313646,5.090980427,-8.750519414,-3.200196146,0.033629738
2019-02-26,1.435344856,10.91721909,7.857014381,-7.435747694,-3.125439865,0.028924982
2019-02-27,4.054764863,-2.261898135,7.178463351,-5.668069686,-3.168327094,0.134240116
2019-02-28,3.083992088,-0.124043062,4.220719329,-1.32305401,-3.134600052,0.097661805
2019-03-01,6.404552626,-8.950697023,-6.449815053,-0.61726187,-3.138421656,0.184377365
2019-03-02,3.024277584,0.486927626,8.243654891,-0.447064222,-2.962372104,0.047885403
2019-03-03,6.855072545,-8.252346638,-31.33497727,-1.476167765,-2.859003813,0.11840829
2019-03-04,6.579955177,-3.617798748,3.514625667,-4.310472927,-2.832718229,0.227312326
2019-03-05,3.153620142,-1.45648145,4.585023752,-6.907412114,-2.84384024,0.077169753
2019-03-06,0.025593587,-0.545789163,-40.70763785,-4.123156408,-2.778713104,0.00029472
2019-03-07,16.52160201,-15.26780727,-0.623999963,0.414839367,-2.701305927,0.499413479
2019-03-08,7.43891108,-3.748872676,-11.87524138,-1.614583142,-2.622104375,0.149908484
2019-03-09,6.632932007,-4.387049717,3.968047488,-5.518575797,-2.548296104,0.229142473
2019-03-10,1.807230111,1.48045663,-4.270478152,-5.928387425,-2.251862009,0.062432899
2019-03-11,2.262240794,-1.550203819,8.732096042,-5.186336491,-1.507724921,0.065126484
2019-03-12,2.026181778,3.305051598,-19.86790371,-0.948933575,-2.276585927,0.034998422
2019-03-13,29.84007432,-22.3828322,-48.14698409,-5.381576221,-2.054947469,0.343620208
2019-03-14,12.82949841,-14.99407518,-3.186124396,-7.617082668,-1.911881625,0.443210181
2019-03-15,3.136687495,17.44312819,-4.289151469,-9.958773819,-1.831457771,0.063210336
2019-03-16,2.256497244,10.9860553,0.679435865,-9.88562911,-1.8127635,0.068209193
2019-03-17,2.018356988,7.024851755,0.473138896,-9.038236118,-1.884570313,0.069726527
2019-03-18,4.672625325,-0.929797375,9.902457965,-5.729557666,-2.046429156,0.141243692
2019-03-19,11.65741928,-7.747102152,7.242812436,-2.085061149,-2.171076177,0.218139633
2019-03-20,0.231985411,5.414818587,-11.39541888,-5.598446339,-2.198210938,0.006010658
2019-03-21,2.468978837,1.361890628,3.177885119,-3.380643341,-2.25461401,0.067524251
2019-03-22,13.60576795,-5.320220643,18.75346042,-1.458174173,-2.357027208,0.254598137
2019-03-23,14.20980124,-4.207516473,19.84982391,-2.197111369,-2.233086979,0.490894373
2019-03-24,7.145367591,2.108126799,13.7718762,-2.674125681,-2.215755677,0.164563444
2019-03-25,17.93687874,-6.000748616,2.201064925,-0.784313649,-2.20228225,0.284006557
2019-03-26,3.661997564,1.409784932,3.079592875,-2.89784935,-2.181944875,0.126508033
2019-03-27,2.00635654,0.902990677,23.32491313,1.492004061,149.6099495,0.069311957
2019-03-28,13.10217106,-16.89054961,21.78710164,2.830212899,-2.055541198,0.45262998
2019-03-29,9.357942677,-9.814944331,-10.78327773,-2.441098016,-1.962445344,0.323281186
2019-03-30,5.369028605,5.780697414,1.320593752,-4.877836031,-2.118069302,0.131381268
2019-03-31,6.144600149,0.730123436,-6.099252698,-7.201808949,-1.900581301,0.141514981
2019-04-01,15.03305981,-0.599599953,31.6688358,-0.134592873,-1.27137299,0.281306357
2019-04-02,5.250281442,2.592967107,43.2679787,0.979512762,-2.101050802,0.113360735
2019-04-03,5.444980151,-1.971733476,-17.43087124,1.098870557,-2.185794656,0.078376364
2019-04-04,2.704877454,2.118457574,28.17102779,-0.27211343,-2.12190124,0.089549721
2019-04-05,4.886799703,-3.12606085,29.07838096,0.799396566,-2.100336323,0.16882027
2019-04-06,3.770624923,1.592590551,44.06960119,-0.487701469,-2.092945052,0.113978106
2019-04-07,7.81061286,-4.465713768,55.50133854,2.497525232,-2.009681188,0.14615621
2019-04-08,7.573520659,-8.944532962,39.47137235,1.912574494,-1.886195896,0.261636219
2019-04-09,19.39497533,-9.727076633,38.27080938,3.932888523,-1.63405924,0.670022339
2019-04-10,13.88382868,-9.852602901,8.022271707,0.417079647,-1.549745938,0.319755511
2019-04-11,16.9638084,0.455821972,15.61022101,-5.929079929,-1.492260625,0.586034804
2019-04-12,6.357222509,0.928781693,25.73010561,-5.679819719,-1.559015448,0.219617763
2019-04-13,2.702429755,2.985475202,11.3372216,-4.00035288,-1.741361344,0.089468686
2019-04-14,14.43556758,-6.735407944,45.73935329,-1.26461302,-1.438550003,0.498693738
2019-04-15,12.47897034,-13.68644585,49.57538544,4.214774513,-0.728849512,0.431100775
2019-04-16,9.881496613,-10.21822195,31.41853868,3.600181484,-1.562552208,0.341367976
2019-04-17,12.16423771,-6.710480496,55.09103901,2.064278751,-1.517434219,0.420227964
2019-04-18,19.56255591,-25.49254993,50.85058288,3.445583366,-1.436827081,0.675811608
2019-04-19,3.470622335,-4.01323195,58.12258345,2.927991238,-1.394718078,0.119896749
2019-04-20,8.414307952,-6.026518687,38.31004348,2.567108472,-1.362837855,0.29068221
2019-04-21,3.529344182,0.738578464,25.91610387,1.770974707,-1.327530597,0.106684694
2019-04-22,8.514140749,-4.929203172,69.66520839,3.189781175,-1.2639472,0.294131052
2019-04-23,1.363017135,3.669049515,61.63080231,3.246309027,-1.123906865,0.047087037
2019-04-24,4.326034379,-3.667864884,53.13546292,3.023412026,-0.76165515,0.149447969
2019-04-25,9.81332564,-3.258701642,73.28396147,4.841756768,-1.247624803,0.339012929
2019-04-26,0.392367447,1.897363177,52.97882386,2.977436013,-1.237191964,0.010730881
2019-04-27,19.32796158,-15.06593456,75.57415408,6.411921592,-1.12898638,0.639886133
2019-04-28,66.77240575,2.42865549,52.47612092,2.994841524,-0.87263777,1.730048738
2019-04-29,71.39641223,-1.224594766,36.90001136,2.639538286,0.968326299,1.541545886
2019-04-30,22.36147726,14.36621833,33.32747239,2.604790821,2.559343839,0.418439479
2019-05-01,10.60513913,1.910806949,-9.223335036,-0.276667357,-0.302262371,0.167918237
2019-05-02,10.22199274,-1.121982696,35.78970896,-0.819669538,2.379409804,0.353130817
2019-05-03,14.03906498,5.464836173,59.53763301,0.402749119,3.765862163,0.484996087
2019-05-04,16.47944338,8.485997473,61.5365921,1.712940531,1.338068816,0.569301843
2019-05-05,17.99135412,5.533688144,114.4606379,3.985995232,1.870547426,0.595635394
2019-05-06,16.51728624,8.687611324,104.8463531,5.889207177,1.251123789,0.499283023
2019-05-07,18.47064606,6.859212448,98.96205979,5.726747377,-0.230691517,0.638090292
2019-05-08,11.92297763,18.33113459,81.93848807,1.987718503,1.179388948,0.291757789
2019-05-09,18.84396371,28.22673862,32.2143349,1.068516608,-0.399297176,0.216995664
2019-05-10,25.55545879,31.56575589,124.4212155,2.616361765,7.954038558,0.809273225
2019-05-11,29.20141423,29.80585281,177.794396,2.23608242,7.589239809,1.008797357
2019-05-12,31.74128278,30.98277019,201.2786412,5.402406198,5.671292331,1.050850945
2019-05-13,33.99424898,37.15177241,223.2176067,6.039144689,4.328174016,1.174371496
2019-05-14,31.41570379,36.23337821,221.5514428,7.364073791,1.936974788,1.085292606
2019-05-15,32.75254034,35.81664978,163.1558033,8.290268362,-0.066575234,1.037185604
2019-05-16,38.96216631,33.06333584,183.520172,9.297185443,2.486859122,1.289910984
2019-05-17,26.14348852,29.07870753,112.6703981,3.252999074,-3.831305564,0.9031577
2019-05-18,71.00284561,77.43754786,176.3604151,1.102062364,1.901095621,1.43084503
2019-05-19,31.0357395,27.10420227,105.1752136,1.935813534,-1.599949234,1.072166291
2019-05-20,27.60264261,21.37875818,56.55623544,2.814981894,-4.817095554,0.476782951
2019-05-21,59.95234512,90.68470242,159.7790191,1.513251248,10.42467575,1.46704659
2019-05-22,39.16692398,59.46077957,192.0791109,2.943061095,9.307520719,1.296689846
2019-05-23,33.45901105,20.14250777,94.37880757,4.36641041,-7.398629354,1.107719358
2019-05-24,58.67652029,85.94315484,259.205192,3.10409091,18.1428211,2.027049721
2019-05-25,54.14167667,57.5661689,208.8398245,6.634699417,5.683756927,1.714522508
2019-05-26,40.53181934,38.13152902,138.0989968,6.673291393,-5.587203657,1.400219589
2019-05-27,33.75336779,32.66268869,109.2314819,4.921326556,-7.022562606,1.06887914
2019-05-28,62.92142104,92.74250713,218.1402793,3.334429374,1.803834919,1.630271125
2019-05-29,46.73585143,49.29688393,170.3148758,3.787146908,0.308660299,1.076363472
2019-05-30,70.80570819,83.58302192,200.0816773,8.675575397,6.081560744,1.630711232
2019-05-31,60.23013819,48.31882758,171.3810323,8.417851781,11.80811595,1.733934406
2019-06-01,54.21272737,48.34316026,221.0940573,9.855233619,4.096967393,1.872842721
2019-06-02,53.33533245,29.99671036,149.6256486,8.299929565,-3.031914721,1.688987737
2019-06-03,49.47176586,31.89247717,175.7696004,8.819587805,2.388952833,1.709060604
2019-06-04,34.5812002,28.98617044,140.0549183,8.71602491,-2.757969347,1.144871402
2019-06-05,63.38070505,52.79141322,257.4633275,9.693719045,10.24804122,2.09832962
2019-06-06,82.31495763,68.51216906,241.4580677,13.18268487,9.118091065,2.251236746
2019-06-07,64.50261656,33.78275673,184.4111761,11.2669678,11.39791172,2.228319101
2019-06-08,68.74527948,52.05707904,237.2134537,11.34227817,20.63353412,2.374886904
2019-06-09,69.41051248,47.8896148,236.7955135,8.074021248,3.444583938,2.397868164
2019-06-10,81.7362751,51.98156674,236.1827256,9.097670213,14.99108065,2.823676197
2019-06-11,89.72656698,51.39662368,232.7456971,9.304464811,13.29854695,3.099710271
2019-06-12,82.31768986,45.33262414,234.6067622,10.90597852,19.2946586,2.843761857
2019-06-13,93.88008535,33.36507362,223.6379651,11.64773101,20.5099617,3.24319847
2019-06-14,73.40372387,14.15025759,154.0243397,12.13866035,10.79052163,2.430159271
2019-06-15,61.53140982,29.76900774,198.0090867,10.43916308,10.23481318,2.125675253
2019-06-16,76.08450918,37.32407599,178.0076982,11.68140161,10.75184129,2.299875607
2019-06-17,57.68427509,16.96056188,129.3496876,10.35077822,9.131360824,1.992771439
2019-06-18,93.47554785,10.36877284,97.09729668,8.086343548,5.056588305,2.825570339
2019-06-19,83.33132097,49.07210795,213.1116652,10.47084279,10.90650316,2.518931574
2019-06-20,3.10340577,-8.209495766,193.514291,5.378091034,12.40540895,0.031269822
2019-06-21,,,139.4423114,,7.613781038,
2019-06-22,66.53184452,42.0914556,85.25178014,6.303428283,0.037708233,0.957675491
2019-06-23,105.1164588,79.7474251,186.4967733,6.940314463,-3.297540691,2.269607668
2019-06-24,136.8993467,95.20912578,252.4785961,11.59666101,4.588301469,3.152899788
2019-06-25,87.03074288,41.28827304,173.6166185,10.02878342,7.638072567,2.881305682
2019-06-26,105.2444823,33.03851976,196.1066543,11.89545495,11.30896458,3.484303534
2019-06-27,88.6283054,22.24736512,160.1181835,12.00681634,11.09685911,3.061769527
2019-06-28,107.1679008,26.56589646,196.9478408,13.50436619,11.67881785,3.702241754
2019-06-29,92.06390672,15.57727304,178.5112609,14.70658303,18.41597109,3.180456434
2019-06-30,61.62752657,7.353749756,136.9527736,12.95506946,13.43168956,2.040287565
2019-07-01,94.8759177,16.50366286,187.6959501,14.10171622,5.83534239,2.867900591
2019-07-02,120.2687418,28.95828447,225.7332799,13.17943397,4.666339666,3.635472562
2019-07-03,125.5275249,27.84312068,231.4964088,14.03469833,12.00923181,3.794434579
2019-07-04,105.9402658,19.35465241,217.7763047,12.09559751,9.479800279,3.659831654
2019-07-05,115.1996885,22.39006545,217.292774,12.18603363,8.103127902,3.979709351
2019-07-06,82.4927691,9.127728721,153.9578153,11.86796988,5.066517178,2.849810176
2019-07-07,82.36250589,13.41904044,139.3614592,11.56808383,5.244235194,2.608200906
2019-07-08,88.92195209,23.16264124,146.2963608,11.72257611,6.295085489,2.687924661
2019-07-09,114.0189406,35.15478463,222.2832103,10.26935725,3.885275619,3.93891902
2019-07-10,108.693562,22.22181419,222.3613809,12.76813769,6.252974421,3.754947524
2019-07-11,128.1258008,18.2196885,221.8381541,13.67238831,7.074743656,4.426257173
2019-07-12,88.81867869,11.57449187,167.4818109,13.13439826,5.44277647,3.068346197
2019-07-13,84.17669978,3.95396305,159.2727367,13.90614723,4.573426257,2.907983551
2019-07-14,102.3285542,13.29570803,191.3444935,14.69162339,8.311517495,3.53506081
2019-07-15,120.5979048,14.31622095,171.5323334,16.12172149,6.840015918,3.471830927
2019-07-16,107.5742738,8.137325023,191.8474473,14.55311851,6.394044629,3.716280391
2019-07-17,146.3888592,8.134880491,186.0054493,15.56168443,8.469984839,4.635744761
2019-07-18,115.5648922,9.700323947,197.1956176,12.99235988,3.655577436,3.992325744
2019-07-19,130.2623248,15.27792835,217.677518,13.80049449,4.448221597,4.500065919
2019-07-20,82.58689361,5.86229082,131.6798726,12.3948338,2.341411085,2.615306667
2019-07-21,170.3565616,23.60909586,225.0968761,17.94350198,5.382222036,4.168661163
2019-07-22,96.08922365,5.074425708,163.4253999,14.55098319,5.933755143,3.319515763
2019-07-23,107.2022659,6.892639586,160.9945535,15.42783093,4.976575023,3.394809859
2019-07-24,114.9780694,9.285244682,180.9528161,14.76999603,6.270320022,3.4755466
2019-07-25,134.2364103,18.78455246,169.3443761,16.76542034,6.830155791,3.284793408
2019-07-26,74.96786131,16.56324767,133.314294,13.99455162,6.432692569,2.589853345
2019-07-27,91.11975747,20.52069099,174.4670811,13.9567055,7.380976084,2.885519709
2019-07-28,146.4500013,21.53530387,229.2196846,14.72256985,8.747647823,4.848484649
2019-07-29,104.4425914,7.869431764,185.933987,13.86642811,3.593575571,3.608092723
2019-07-30,90.66652315,8.630620247,142.2884892,11.85962356,2.336407938,2.740659396
2019-07-31,90.19810138,13.55968175,154.7714975,14.85646989,3.662551244,2.336999988
2019-08-01,54.29877965,0.180075932,69.71338442,12.50364208,3.724228032,1.563179582
2019-08-02,128.2100559,18.12448191,215.0383775,14.92429545,5.406284263,3.69097322
2019-08-03,94.38742053,8.842503707,152.2454921,15.19388835,6.212538069,3.124861423
2019-08-04,63.88643139,12.18517486,133.2620582,13.15843862,4.992516878,1.747233869
2019-08-05,138.0135184,10.15642602,202.575458,16.58837718,5.754986468,3.575880045
2019-08-06,121.5691794,6.027493205,188.742987,16.9837877,5.71101828,3.49979245
2019-08-07,66.65085542,2.666350059,127.4867877,14.52131103,4.980253286,2.30253255
2019-08-08,115.3686002,23.16274457,153.2854096,16.29464069,5.011976776,2.823094096
2019-08-09,160.5494847,15.09652012,169.6888052,15.03718809,4.246468746,4.159778733
2019-08-10,71.72970312,8.599352119,147.0552537,15.19643091,6.1353919,2.477987345
2019-08-11,83.92697118,4.468040371,82.55168429,12.83616877,4.00795869,2.536936834
2019-08-12,153.9109415,21.38097814,208.9965747,13.67291531,3.11578733,4.65240591
2019-08-13,130.9618403,13.25776919,188.868766,13.69264925,1.142784214,3.958702569
2019-08-14,118.5482424,7.695824585,186.5223231,12.62860155,1.380207618,4.095389103
2019-08-15,125.0067028,11.33799353,198.0145703,12.43986561,0.707772341,4.318504247
2019-08-16,114.4464511,11.4704639,169.467416,12.88284653,0.586359025,3.953687876
2019-08-17,115.4590614,4.988691964,165.4039678,12.57205734,0.7485813,3.988669695
2019-08-18,108.1798894,11.07427668,187.6593727,12.26093461,0.6049032,3.737202095
2019-08-19,106.7085086,10.93339926,178.8840493,12.79121077,1.268403859,3.686371509
2019-08-20,117.4489115,12.44509993,190.7416199,13.26855342,1.934625708,4.057411417
2019-08-21,100.987588,14.14358108,171.1684399,13.4231832,1.810922577,3.488735545
2019-08-22,76.34900875,6.195107641,111.2027019,12.00575779,0.26374543,2.637566716
2019-08-23,74.0837565,9.576454927,126.5246321,11.40927731,0.296760491,2.5593109
2019-08-24,112.6611399,14.52632287,156.3751122,12.0465292,0.24508392,3.892012191
2019-08-25,111.7644166,11.18724905,172.6079813,13.45777888,2.320325775,3.861033825
2019-08-26,117.3964195,20.79398181,177.6756014,13.11843628,2.394853867,4.055598018
2019-08-27,108.1085874,21.15894149,169.9433521,11.97974957,0.436494318,3.734738885
2019-08-28,97.66565762,18.78581014,168.5650556,11.5199089,-0.26245703,3.373975537
2019-08-29,66.3334139,4.324261163,109.790737,11.91735132,-1.34247275,2.291566158
2019-08-30,78.73134127,11.38311465,124.850727,12.77400173,1.270940491,2.719867208
2019-08-31,70.82773825,11.95031456,132.6087926,12.99489781,1.132581893,2.446827903
2019-09-01,90.10370964,11.00456926,147.7703284,13.8293064,2.397039875,3.112739109
2019-09-02,102.1704661,17.67431126,170.1692117,14.0040462,2.855790656,3.529599469
2019-09-03,77.92052262,13.83514915,137.9889457,15.01730251,2.63118594,2.691856519
2019-09-04,80.03382436,3.744562376,102.9940009,14.73748884,5.009677545,2.764863025
2019-09-05,64.72625794,11.76012814,111.280818,14.34777392,3.333700551,2.236045057
2019-09-06,53.88139291,10.82087622,105.7356408,13.07425591,2.842910368,1.861396381
2019-09-07,85.88903856,34.58830328,172.5386375,13.11201688,5.387418504,2.843507554
2019-09-08,34.83513861,13.14313471,77.13410792,10.37145021,-0.684102502,1.103135937
2019-09-09,130.683303,60.79101524,170.9234082,12.82432367,0.518346092,2.821630692
2019-09-10,61.04717618,25.50485232,126.9638081,9.881095421,-1.520952314,2.10894683
2019-09-11,66.44495094,6.838381294,84.00241157,11.14223299,0.479761154,2.00849192
2019-09-12,82.66273099,60.73974825,152.5360513,8.557258705,-1.111301374,2.379734759
2019-09-13,62.91149764,42.33277105,144.5398758,7.351149687,-3.981781552,2.173352018
2019-09-14,57.44975131,41.14944122,145.1269943,8.892175391,-3.566789304,1.984669538
2019-09-15,42.12249814,11.25242864,88.41252211,10.98286319,-1.354957874,1.455171467
2019-09-16,49.42644934,23.7467645,105.747795,11.64987375,4.214625254,1.707495091
2019-09-17,40.10259628,7.195219061,69.16283926,9.393751991,0.008272616,1.327666922
2019-09-18,63.18313259,53.9139355,138.7293709,11.70686822,1.758058016,1.727999308
2019-09-19,42.67305789,39.36940002,110.6227423,12.4991463,-0.572263431,1.167068037
2019-09-20,56.10849743,32.58542216,102.7129452,11.17172165,0.460692347,1.857570407
2019-09-21,47.32454245,58.78311751,136.8436054,6.523271454,-2.607212642,1.634882234
2019-09-22,44.83098053,58.99361618,130.6810482,5.101225969,-4.288138667,1.548739192
2019-09-23,23.2309625,21.87106183,66.83948226,6.93862898,-4.772423696,0.802541048
2019-09-24,41.01823554,57.07748469,123.3354772,7.984696583,-3.635117243,1.417023411
2019-09-25,33.32053061,47.97432407,122.3089277,9.53729042,-2.169985819,1.151097099
2019-09-26,38.0069936,46.21136899,112.6191138,9.868831311,-0.907405936,1.3129965
2019-09-27,22.8300124,27.83404533,66.96786904,8.077291435,0.92763868,0.427206949
