date,09111250,09112200,09112500,385106106571000
2016-10-01,0.11093599999999999,2.75076,2.8017,0.6848599999999999
2016-10-02,0.108389,2.7479299999999998,2.80736,0.6622199999999999
2016-10-03,0.110653,2.7026499999999998,2.7451,0.6282599999999999
2016-10-04,0.11093599999999999,2.6573700000000002,2.64605,0.61694
2016-10-05,0.11037,2.59794,2.58945,0.5773199999999999
2016-10-06,0.123954,2.65171,2.6573700000000002,0.5942999999999999
2016-10-07,0.11942599999999999,2.62341,2.62907,0.5858099999999999
2016-10-08,0.11489799999999999,2.58662,2.57813,0.58298
2016-10-09,0.11489799999999999,2.5837899999999996,2.5753,0.5773199999999999
2016-10-10,0.11716199999999999,2.61492,2.6064299999999996,0.5914699999999999
2016-10-11,0.14263199999999998,2.81302,2.7592499999999998,0.68203
2016-10-12,0.15112199999999998,3.113,3.0281,0.9339
2016-10-13,0.12536899999999998,3.0281,2.9998,0.84617
2016-10-14,0.112634,2.9998,2.9432,0.74995
2016-10-15,0.108389,2.8866,2.8866,0.69335
2016-10-16,0.103295,2.7026499999999998,2.73095,0.6339199999999999
2016-10-17,0.09876700000000001,2.56398,2.5837899999999996,0.5914699999999999
2016-10-18,0.097635,2.4903999999999997,2.4224799999999997,0.5914699999999999
2016-10-19,0.10301199999999999,2.44795,2.36305,0.5999599999999999
2016-10-20,0.09876700000000001,2.34041,2.31494,0.55751
2016-10-21,0.10471,2.30362,2.2668299999999997,0.56317
2016-10-22,0.125086,2.29796,2.2753200000000002,0.5886399999999999
2016-10-23,0.123671,2.264,2.27249,0.5801499999999999
2016-10-24,0.12452,2.3545599999999998,2.29796,0.566
2016-10-25,0.137821,2.4507799999999995,2.4621,0.5886399999999999
2016-10-26,0.141783,2.4705899999999996,2.46776,0.6508999999999999
2016-10-27,0.12989699999999998,2.36871,2.3941799999999995,0.6056199999999999
2016-10-28,0.125935,2.31211,2.36871,0.5858099999999999
2016-10-29,0.11376599999999998,2.3007899999999997,2.38286,0.5858099999999999
2016-10-30,0.115464,2.31777,2.4366299999999996,0.5914699999999999
2016-10-31,0.111785,2.25268,2.3800299999999996,0.57166
2016-11-01,0.108389,2.1875899999999997,2.33192,0.55751
2016-11-02,0.115181,2.2753200000000002,2.39701,0.6282599999999999
2016-11-03,0.11659599999999999,2.3234299999999997,2.4337999999999997,0.6339199999999999
2016-11-04,0.126784,2.46776,2.73095,0.65373
2016-11-05,0.136123,2.49606,2.73095,0.68203
2016-11-06,0.157348,2.59511,2.78472,0.76693
2016-11-07,0.155367,2.48757,2.70831,0.76976
2016-11-08,0.133293,2.41116,2.58945,0.7329699999999999
2016-11-09,0.125652,2.38852,2.5696399999999997,0.69335
2016-11-10,0.121407,2.31211,2.4932299999999996,0.6282599999999999
2016-11-11,0.11716199999999999,2.23287,2.41965,0.61128
2016-11-12,0.117728,2.1649499999999997,2.3375799999999995,0.6056199999999999
2016-11-13,0.11744500000000001,2.09137,2.27249,0.5688300000000001
2016-11-14,0.112634,1.96685,2.13382,0.52355
2016-11-15,0.12282199999999999,2.10269,2.23853,0.56317
2016-11-16,,2.07156,2.36871,0.5263800000000001
2016-11-17,,2.09986,2.4790799999999997,0.5094
2016-11-18,,1.50273,1.91591,0.41035
2016-11-19,,1.67536,2.06873,0.51223
2016-11-20,,2.18193,2.5130399999999997,0.54902
2016-11-21,,2.3771999999999998,2.8017,0.62543
2016-11-22,,2.34041,2.7762299999999995,0.6707099999999999
2016-11-23,,1.83667,2.30362,0.54902
2016-11-24,,1.9130799999999997,2.2668299999999997,0.54902
2016-11-25,,1.6414,1.9045899999999998,0.47544
2016-11-26,,1.7263,2.03477,0.49524999999999997
2016-11-27,,1.94421,2.32909,0.57449
2016-11-28,,1.76592,2.0885399999999996,0.59713
2016-11-29,,1.73762,1.9300599999999999,0.5688300000000001
2016-11-30,,1.62442,1.8989299999999998,0.50657
2016-12-01,,1.73196,1.99232,0.50374
2016-12-02,,1.8508200000000001,2.07722,0.54619
2016-12-03,,1.8083699999999998,2.03477,0.5094
2016-12-04,,1.56216,1.83667,0.46695
2016-12-05,,1.7913899999999998,2.02628,0.49808
2016-12-06,,1.5932899999999999,1.85365,0.45846
2016-12-07,,1.5819699999999999,1.80271,0.46129
2016-12-08,,1.29048,1.5791399999999998,0.40469
2016-12-09,,1.7347899999999998,2.09986,0.50091
2016-12-10,,1.71498,2.06873,0.48393
2016-12-11,,1.7829,2.0885399999999996,0.50091
2016-12-12,,1.8112,2.11967,0.4782699999999999
2016-12-13,,1.67253,1.96685,0.45563000000000003
2016-12-14,,1.7546,2.0517499999999997,0.45563000000000003
2016-12-15,,1.7829,2.06873,0.45563000000000003
2016-12-16,,1.8423299999999998,2.25834,0.53204
2016-12-17,,1.52537,1.8706299999999998,0.50657
2016-12-18,,1.33576,1.6102699999999999,0.43016
2016-12-19,,1.18011,1.44896,0.37072999999999995
2016-12-20,,1.6442299999999999,1.91025,0.4641199999999999
2016-12-21,,1.75743,2.03477,0.48959
2016-12-22,,1.8423299999999998,2.09986,0.48959
2016-12-23,,1.80554,2.24985,0.5094
2016-12-24,,1.8225200000000001,2.17344,0.48675999999999997
2016-12-25,,1.7800699999999998,2.0942,0.48675999999999997
2016-12-26,,1.68102,1.9809999999999999,0.46695
2016-12-27,,1.2734999999999999,1.6215899999999999,0.4245
2016-12-28,,1.8281799999999997,2.15929,0.49808
2016-12-29,,1.6357399999999997,1.9413799999999997,0.4641199999999999
2016-12-30,,1.56216,1.87346,0.43016
2016-12-31,,1.73762,2.03477,0.46129
2017-01-01,,1.68951,1.98666,0.43299
2017-01-02,,1.7121499999999998,1.9979799999999996,0.43582
2017-01-03,,1.71498,1.99232,0.43299
2017-01-04,,1.70932,1.9809999999999999,0.43299
2017-01-05,,1.59046,1.8508200000000001,0.43016
2017-01-06,,1.45179,1.7064899999999998,0.40752
2017-01-07,,1.12917,1.37255,0.35092
2017-01-08,,1.62442,1.86497,0.44997
2017-01-09,,1.6414,1.91591,0.5688300000000001
2017-01-10,,1.45179,1.698,0.45846
2017-01-11,,1.53669,1.7913899999999998,0.41600999999999994
2017-01-12,,1.5706499999999999,1.8479899999999998,0.41600999999999994
2017-01-13,,1.6102699999999999,1.85931,0.41600999999999994
2017-01-14,,1.71781,1.9300599999999999,0.39054
2017-01-15,,1.7347899999999998,1.96402,0.38205
2017-01-16,,1.7347899999999998,1.91025,0.37639
2017-01-17,,1.698,1.9838299999999998,0.37072999999999995
2017-01-18,,1.6498899999999999,1.8678,0.35375
2017-01-19,,1.5593299999999999,1.8112,0.31695999999999996
2017-01-20,,1.67536,1.89327,0.38205
2017-01-21,,1.6640399999999997,1.8706299999999998,0.35375
2017-01-22,,1.67536,1.91025,0.34809
2017-01-23,,1.6272499999999999,1.8508200000000001,0.34525999999999996
2017-01-24,,1.51405,1.72913,0.34809
2017-01-25,,1.51688,1.70366,0.34809
2017-01-26,,1.41783,1.6555499999999999,0.30847
2017-01-27,,1.08672,1.26218,0.240267
2017-01-28,,1.36406,1.5989499999999999,0.29431999999999997
2017-01-29,,1.48009,1.70366,0.3396
2017-01-30,,1.5423499999999999,1.76592,0.36224
2017-01-31,,1.53669,1.77158,0.37072999999999995
2017-02-01,,1.56216,1.78856,0.3962
2017-02-02,,1.54518,1.7800699999999998,0.39903
2017-02-03,,1.53386,1.75743,0.37922
2017-02-04,,1.53952,1.75743,0.40752
2017-02-05,,1.51405,1.75743,0.41035
2017-02-06,,1.5112199999999998,1.7630899999999998,0.3962
2017-02-07,,1.53952,1.7404499999999998,0.41884
2017-02-08,,1.47443,1.68102,0.44714
2017-02-09,,1.49707,1.63291,0.43865
2017-02-10,,1.5225399999999998,1.6385699999999999,0.44431
2017-02-11,,1.63291,1.78573,0.6084499999999999
2017-02-12,,1.64706,1.83667,0.53204
2017-02-13,,1.6697,1.8423299999999998,0.46695
2017-02-14,,1.5706499999999999,1.72064,0.44431
2017-02-15,,1.5423499999999999,1.63008,0.44431
2017-02-16,,1.5508399999999998,1.6442299999999999,0.44431
2017-02-17,,1.5791399999999998,1.77441,0.47544
2017-02-18,,1.6159299999999999,1.75743,0.49808
2017-02-19,,1.63008,1.76026,0.49808
2017-02-20,,1.6131,1.73762,0.48109999999999997
2017-02-21,,1.6159299999999999,1.7404499999999998,0.48109999999999997
2017-02-22,,1.6668699999999999,1.77441,0.50374
2017-02-23,,1.6131,1.75743,0.52355
2017-02-24,,1.53952,1.62442,0.47544
2017-02-25,,1.50839,1.66121,0.44148
2017-02-26,,1.5225399999999998,1.7121499999999998,0.44148
2017-02-27,,1.5536699999999999,1.74611,0.46978000000000003
2017-02-28,,1.50556,1.68668,0.44148
2017-03-01,,1.36689,1.45179,0.39903
2017-03-02,,1.46311,1.52537,0.43016
2017-03-03,,1.5423499999999999,1.63008,0.45563000000000003
2017-03-04,,1.5508399999999998,1.70083,0.47261
2017-03-05,,1.5197100000000001,1.6838499999999998,0.46129
2017-03-06,,1.34425,1.52537,0.43865
2017-03-07,,1.36406,1.43481,0.40469
2017-03-08,,1.52537,1.5536699999999999,0.43016
2017-03-09,,1.53386,1.56782,0.5999599999999999
2017-03-10,,1.57348,1.6074399999999998,0.63109
2017-03-11,,1.6498899999999999,1.6697,0.65939
2017-03-12,,1.7234699999999998,1.7546,0.7273099999999999
2017-03-13,,1.84516,1.8508200000000001,0.68769
2017-03-14,,1.91025,1.94421,0.7273099999999999
2017-03-15,,2.1055200000000003,2.12533,0.88013
2017-03-16,,2.40267,2.4055,1.0838899999999998
2017-03-17,,2.7932099999999997,2.7620799999999996,1.29331
2017-03-18,,3.2262,3.2544999999999997,1.57348
2017-03-19,,3.8487999999999998,3.8487999999999998,2.33192
2017-03-20,,4.5846,4.5563,2.4564399999999997
2017-03-21,,5.0657,5.0091,2.55832
2017-03-22,,5.5468,5.5468,2.7818899999999998
2017-03-23,,5.858099999999999,5.971299999999999,2.9149
2017-03-24,,5.9996,6.1411,2.8866
2017-03-25,,5.971299999999999,6.197699999999999,2.8583
2017-03-26,,5.971299999999999,6.226,2.9432
2017-03-27,,6.0562,6.3957999999999995,2.9715
2017-03-28,,6.2543,6.6788,3.113
2017-03-29,,6.1411,6.6505,3.113
2017-03-30,,6.4241,6.9334999999999996,3.2544999999999997
2017-03-31,0.5773199999999999,6.6505,7.2730999999999995,3.3394
2017-04-01,0.5405300000000001,6.084499999999999,6.6505,2.9998
2017-04-02,0.55751,6.226,6.792,3.1696
2017-04-03,0.5688300000000001,6.848599999999999,7.612699999999999,3.4242999999999997
2017-04-04,0.5263800000000001,6.310899999999999,7.0184,3.0564
2017-04-05,0.45846,5.6316999999999995,6.1693999999999996,2.72246
2017-04-06,0.45846,5.8015,6.3392,2.8583
2017-04-07,0.56317,7.0466999999999995,7.5278,3.6224
2017-04-08,0.69335,8.3768,8.9994,4.3016
2017-04-09,0.7414599999999999,8.9994,9.7918,4.5563
2017-04-10,0.7131599999999999,8.5466,9.310699999999999,4.3582
2017-04-11,0.73014,9.0277,9.8484,4.5846
2017-04-12,0.86315,9.8201,10.5559,5.1506
2017-04-13,1.2678399999999999,13.470799999999999,14.2915,7.2730999999999995
2017-04-14,1.59046,17.319599999999998,18.5082,9.5654
2017-04-15,1.76026,20.2345,21.7627,11.065299999999999
2017-04-16,1.81686,21.8476,23.2909,11.6596
2017-04-17,1.79988,22.781499999999998,24.3663,11.942599999999999
2017-04-18,1.9130799999999997,24.536099999999998,26.0643,12.593499999999999
2017-04-19,2.1083499999999997,28.243399999999998,30.281,14.2066
2017-04-20,1.91025,25.5266,27.3661,12.2539
2017-04-21,1.5848,21.5929,23.5173,10.1031
2017-04-22,1.33576,18.7629,20.659,8.5466
2017-04-23,1.3867,19.0459,20.659,8.5749
2017-04-24,1.6414,21.6495,23.3192,9.6786
2017-04-25,1.53103,20.2911,22.2155,9.056
2017-04-26,1.3131199999999998,16.98,18.9893,7.499499999999999
2017-04-27,1.18011,15.9612,17.970499999999998,6.9052
2017-04-28,1.0471,13.923599999999999,15.847999999999999,5.943
2017-04-29,0.91975,12.3105,14.093399999999999,5.1506
2017-04-30,0.8320199999999999,11.2351,12.9048,4.7261
2017-05-01,0.78674,10.9804,12.565199999999999,4.5563
2017-05-02,0.76693,10.9804,12.565199999999999,4.528
2017-05-03,0.78108,11.2351,12.593499999999999,4.6411999999999995
2017-05-04,0.9621999999999999,13.301,14.376399999999999,5.7166
2017-05-05,1.5848,18.7912,19.6402,8.659799999999999
2017-05-06,2.3941799999999995,25.5266,26.5737,11.9992
2017-05-07,3.0281,29.148999999999997,30.281,14.093399999999999
2017-05-08,3.4242999999999997,33.111,34.525999999999996,16.2442
2017-05-09,3.3110999999999997,33.111,34.525999999999996,15.9329
2017-05-10,3.0846999999999998,32.827999999999996,34.809,15.3669
2017-05-11,3.3676999999999997,32.827999999999996,34.242999999999995,15.3386
2017-05-12,4.245,38.205,39.62,18.1969
2017-05-13,5.0657,44.714,45.846,22.1023
2017-05-14,5.5751,47.827,49.808,24.479499999999998
2017-05-15,5.4619,45.562999999999995,47.544,22.979599999999998
2017-05-16,5.093999999999999,43.582,45.562999999999995,22.130599999999998
2017-05-17,4.3582,38.205,40.469,19.4421
2017-05-18,3.6507,33.111,35.375,16.7253
2017-05-19,2.9715,27.2812,29.432,13.584
2017-05-20,2.41682,22.8381,24.8191,11.1502
2017-05-21,2.17627,20.8005,22.5551,10.1031
2017-05-22,2.1677799999999996,21.621199999999998,23.5456,10.612499999999999
2017-05-23,2.32626,20.659,22.5551,10.8672
2017-05-24,3.0281,21.479699999999998,22.8664,12.1973
2017-05-25,3.9903,26.7152,28.045299999999997,15.395199999999999
2017-05-26,4.8959,31.979,33.677,18.2818
2017-05-27,5.093999999999999,35.375,37.356,19.8383
2017-05-28,4.9525,31.413,33.394,17.4328
2017-05-29,5.1789,33.111,34.525999999999996,17.6875
2017-05-30,5.5184999999999995,38.488,38.488,19.6402
2017-05-31,5.7732,43.299,44.147999999999996,21.9608
2017-06-01,6.0562,45.846,45.562999999999995,22.724899999999998
2017-06-02,6.2825999999999995,50.373999999999995,48.11,24.8191
2017-06-03,6.6788,54.336,51.223,25.8662
2017-06-04,7.499499999999999,59.712999999999994,56.034,27.5076
2017-06-05,8.0655,65.65599999999999,62.26,29.715
2017-06-06,8.49,72.16499999999999,67.637,31.979
2017-06-07,8.4617,70.75,71.88199999999999,31.979
2017-06-08,8.4617,68.48599999999999,69.05199999999999,31.695999999999998
2017-06-09,8.2636,70.467,71.599,31.695999999999998
2017-06-10,8.1221,67.92,69.901,29.432
2017-06-11,7.641,68.76899999999999,72.16499999999999,29.432
2017-06-12,7.1316,64.241,68.203,27.5642
2017-06-13,6.2543,59.712999999999994,63.675,25.6115
2017-06-14,5.4052999999999995,49.808,53.486999999999995,20.9137
2017-06-15,5.0657,49.242,52.355,20.4609
2017-06-16,5.0657,51.223,54.053,21.4514
2017-06-17,5.320399999999999,55.184999999999995,58.297999999999995,23.3192
2017-06-18,5.5751,59.712999999999994,63.675,25.3568
2017-06-19,5.377,61.128,65.939,26.234099999999998
2017-06-20,5.0374,58.015,62.826,24.8757
2017-06-21,4.7827,57.449,61.977,24.337999999999997
2017-06-22,4.4148,54.902,58.864,22.923
2017-06-23,3.9619999999999997,48.393,52.638,20.5175
2017-06-24,3.4526,43.299,47.544,18.4799
2017-06-25,2.9998,39.336999999999996,42.449999999999996,16.5838
2017-06-26,2.68567,36.224,39.336999999999996,15.5084
2017-06-27,2.42814,33.96,36.224,14.6877
2017-06-28,2.1875899999999997,32.545,34.525999999999996,14.1783
2017-06-29,1.9526999999999999,29.432,31.413,12.735
2017-06-30,1.74894,27.0265,28.866,11.6313
2017-07-01,1.5565,25.186999999999998,26.432199999999998,10.6691
2017-07-02,1.4546199999999998,23.9984,25.4134,9.905
2017-07-03,1.31878,21.932499999999997,23.234299999999998,8.9711
2017-07-04,1.19143,21.3382,22.130599999999998,8.886199999999999
2017-07-05,1.11785,21.2533,21.7344,9.056
2017-07-06,1.03012,21.1401,21.479699999999998,9.310699999999999
2017-07-07,0.95937,20.121299999999998,20.6873,8.8296
2017-07-08,0.86598,18.961,19.7534,7.8674
2017-07-09,0.80089,18.2818,18.961,7.5561
2017-07-10,0.7188199999999999,17.8007,18.4516,7.2448
2017-07-11,0.6650499999999999,17.9422,18.4799,7.2730999999999995
2017-07-12,0.8037199999999999,19.1308,19.5836,7.3297
2017-07-13,0.7556099999999999,18.0837,19.2157,6.622199999999999
2017-07-14,1.01031,16.7536,17.829,6.3675
2017-07-15,0.85183,15.9612,17.064899999999998,6.197699999999999
2017-07-16,0.64524,14.4896,15.1122,5.4902
2017-07-17,0.59713,13.8104,14.319799999999999,5.3487
2017-07-18,0.5801499999999999,13.4142,14.0085,5.0091
2017-07-19,0.54902,13.668899999999999,14.348099999999999,4.8393
2017-07-20,0.51789,13.499099999999999,13.923599999999999,4.5563
2017-07-21,0.45846,12.2256,12.7067,3.9619999999999997
2017-07-22,0.47544,11.9992,12.6501,3.7639
2017-07-23,0.47261,11.2351,11.886,3.6507
2017-07-24,0.41600999999999994,11.7728,11.886,3.7356
2017-07-25,0.45563000000000003,12.3105,12.5369,3.9337
2017-07-26,0.46129,11.8294,12.5086,3.9903
2017-07-27,0.35940999999999995,10.2729,10.838899999999999,3.1978999999999997
2017-07-28,0.34525999999999996,10.0465,10.471,3.3676999999999997
2017-07-29,0.49808,11.518099999999999,12.2256,4.1318
2017-07-30,0.54619,12.2539,13.1595,4.811
2017-07-31,0.37922,10.1031,10.810599999999999,3.2828
2017-08-01,0.33677,8.9711,9.4522,2.71114
2017-08-02,0.29997999999999997,8.2636,8.5749,2.31777
2017-08-03,0.272529,8.2353,8.5466,2.24985
2017-08-04,0.26686899999999997,7.9239999999999995,8.2353,2.09986
2017-08-05,0.22074,8.1504,8.4051,1.88761
2017-08-06,0.20998599999999998,7.8674,8.1221,1.81686
2017-08-07,0.202345,7.5844,7.8674,1.70932
2017-08-08,0.35940999999999995,8.3768,8.4051,2.04609
2017-08-09,0.34809,8.2919,8.5466,1.97817
2017-08-10,0.242531,7.612699999999999,8.9994,1.70083
2017-08-11,0.204892,7.188199999999999,8.9428,1.52537
2017-08-12,0.195553,6.6788,8.206999999999999,1.39236
2017-08-13,0.179422,6.2543,7.5561,1.28765
2017-08-14,0.20942,6.5656,7.5561,1.48575
2017-08-15,0.18734599999999998,6.1693999999999996,7.2730999999999995,1.35557
2017-08-16,0.159046,5.66,7.0184,1.1546399999999999
2017-08-17,0.137821,5.377,6.7071,1.04993
2017-08-18,0.129331,5.1506,6.2825999999999995,0.98201
2017-08-19,0.116879,4.9242,5.971299999999999,0.89711
2017-08-20,0.106125,4.7261,5.7166,0.8207
2017-08-21,0.103295,4.6129,5.5751,0.7895699999999999
2017-08-22,0.10640799999999999,4.4714,5.4336,0.77825
2017-08-23,0.093107,4.2166999999999994,5.1506,0.74995
2017-08-24,0.07782499999999999,4.0752,4.9242,0.72448
2017-08-25,0.076693,4.0186,4.811,0.68203
2017-08-26,0.090843,3.7639,4.3865,0.6339199999999999
2017-08-27,0.09791799999999999,3.6224,4.2166999999999994,0.6141099999999999
2017-08-28,0.094239,3.5092,4.0752,0.5858099999999999
2017-08-29,0.08688099999999999,3.3676999999999997,3.8771,0.55185
2017-08-30,0.091692,3.3110999999999997,3.7922,0.53487
2017-08-31,0.086598,3.3110999999999997,3.7639,0.5263800000000001
2017-09-01,0.097069,3.3110999999999997,3.7922,0.566
2017-09-02,0.0849,3.113,3.6224,0.52072
2017-09-03,0.07923999999999999,2.9998,3.5092,0.48675999999999997
2017-09-04,0.074712,2.9149,3.4242999999999997,0.46695
2017-09-05,0.070184,2.83,3.3394,0.44148
2017-09-06,0.07075,2.75359,3.2544999999999997,0.41600999999999994
2017-09-07,0.066788,2.62907,3.1412999999999998,0.41035
2017-09-08,0.067354,2.53851,3.0281,0.40185999999999994
2017-09-09,0.067071,2.57813,3.0281,0.3962
2017-09-10,0.071599,2.63473,3.0846999999999998,0.42167
2017-09-11,0.09905,2.8583,3.2544999999999997,0.48675999999999997
2017-09-12,0.101031,3.1696,3.5092,0.72165
2017-09-13,0.080089,2.9149,3.3676999999999997,0.58298
2017-09-14,0.131878,2.7394399999999997,3.1696,0.53204
2017-09-15,0.189327,3.5374999999999996,3.8771,0.9621999999999999
2017-09-16,0.11348299999999999,3.0846999999999998,3.5658,0.6792
2017-09-17,0.125086,2.9998,3.4808999999999997,0.64524
2017-09-18,0.13018,3.0846999999999998,3.5940999999999996,0.7471199999999999
2017-09-19,0.111219,2.7762299999999995,3.3110999999999997,0.57449
2017-09-20,0.09508799999999999,2.57813,3.1412999999999998,0.45563000000000003
2017-09-21,0.091126,2.49889,3.0281,0.43016
2017-09-22,0.06933500000000001,2.43946,2.9998,0.43582
2017-09-23,0.067637,2.4903999999999997,3.0564,0.43299
2017-09-24,0.072448,2.55832,3.1412999999999998,0.49524999999999997
2017-09-25,0.067637,2.43097,3.0281,0.44997
2017-09-26,0.06565599999999999,2.37437,2.9715,0.41884
2017-09-27,0.067071,2.4055,2.9998,0.43016
2017-09-28,0.122539,2.67435,3.3110999999999997,0.6565599999999999
2017-09-29,0.11970900000000001,2.67435,3.2828,0.6367499999999999
2017-09-30,0.1698,2.79887,3.396,0.7414599999999999
